,title,artists,album,duration_ms,release_date,artist_genres,explicit,popularity,danceability,energy,key,loudness,mode,speechiness,acousticness,instrumentalness,liveness,valence,tempo,time_signature,uri,genre
0,In A Sentimental Mood,"Duke Ellington, John Coltrane",Duke Ellington & John Coltrane,255227,1963-02-01,"african-american classical, vocal jazz, bebop, adult standards, big band, swing, free jazz, harlem renaissance, jazz piano, jazz, jazz saxophone, cool jazz",False,66,0.464,0.305,3,-12.435,0,0.0316,0.936,0.0846,0.208,0.282,108.229,4,spotify:track:0E8q2Fx2XuzXCO2NSAppkR,Jazz
1,The Awakening,Ahmad Jamal Trio,The Awakening,378933,1970-01-01,"bebop, soul jazz, hard bop, jazz trio, jazz, cool jazz, stride",False,39,0.52,0.2,1,-17.353,1,0.0357,0.837,0.516,0.12,0.132,81.899,4,spotify:track:7GXOrNqnHdJasc81GlKH2D,Jazz
2,"A Love Supreme, Pt. II - Resolution",John Coltrane,A Love Supreme,437840,1965-02-01,"bebop, free jazz, jazz, jazz saxophone, cool jazz",False,47,0.341,0.57,8,-11.71,1,0.0673,0.581,0.0,0.0966,0.392,89.754,4,spotify:track:7unF2ARDGldwWxZWCmlwDM,Jazz
3,Stolen Moments,Oliver Nelson,The Blues and the Abstract Truth,525613,2021-06-03,"contemporary post-bop, jazz fusion, bebop, big band, free jazz, soul jazz, hard bop, jazz, jazz saxophone, cool jazz",False,51,0.575,0.187,0,-13.081,0,0.0513,0.927,0.876,0.166,0.342,107.469,4,spotify:track:4ow1XH4hwe3yOGXG2eTTTY,Jazz
4,My One And Only Love,"John Coltrane, Johnny Hartman",The Gentle Side Of John Coltrane,296667,2021-06-03,"vocal jazz, bebop, adult standards, free jazz, jazz, jazz saxophone, cool jazz",False,53,0.461,0.0546,0,-18.982,1,0.0362,0.988,0.208,0.126,0.23,128.91,4,spotify:track:1BPmVDqR4cX9aFC0Qx0eWn,Jazz
5,Skating In Central Park,"Bill Evans, Jim Hall",Undercurrent,324200,1962-01-01,"contemporary post-bop, vocal jazz, jazz fusion, bebop, adult standards, jazz piano, jazz guitar, soul jazz, jazz, cool jazz",False,62,0.478,0.0294,0,-25.319,1,0.0453,0.993,0.948,0.105,0.148,124.308,3,spotify:track:1cpANF6zMBoFoxkoIjZHjv,Jazz
6,I'll Be Seeing You,Billie Holiday,Billie Holiday,211533,1957-01-01,"vocal jazz, torch song, adult standards, soul, jazz blues, harlem renaissance, jazz, lounge",False,65,0.355,0.0304,1,-20.479,1,0.0361,0.989,0.0555,0.116,0.188,90.495,3,spotify:track:4smkJW6uzoHxGReZqqwHS5,Jazz
7,My Foolish Heart,Bill Evans Trio,Waltz For Debby [Original Jazz Classics Remasters] (OJC Remaster),297320,1961-01-01,"contemporary post-bop, vocal jazz, jazz fusion, bebop, soul jazz, hard bop, jazz trio, jazz, cool jazz, stride",False,64,0.395,0.121,9,-23.427,1,0.0327,0.935,0.397,0.697,0.139,114.521,4,spotify:track:6yKkA8HzwWTZ5taIMaG4Nm,Jazz
8,All Alone,Mal Waldron,All Alone,310055,1966-01-01,"contemporary post-bop, bebop, free jazz, jazz piano, hard bop, jazz, cool jazz, avant-garde jazz",False,53,0.492,0.205,9,-8.488,0,0.0577,0.983,0.893,0.122,0.109,128.315,4,spotify:track:6TAW00MAPvS59yEoIgtOEI,Jazz
9,If You Could See Me Now,Chet Baker,The Very Best Of Chet Baker,318413,2012-01-01,"vocal jazz, adult standards, jazz trumpet, jazz, cool jazz, lounge",False,39,0.511,0.031,3,-19.636,1,0.0388,0.939,0.898,0.139,0.179,112.911,4,spotify:track:2QZtOFPATNgKpUJiGUARZk,Jazz
10,Conference Of The Birds,Dave Holland Quartet,Conference Of The Birds,277800,1973-06-20,"ecm-style jazz, free jazz, jazz quartet, free improvisation, contemporary jazz, avant-garde jazz",False,0,0.392,0.168,10,-22.249,1,0.0442,0.637,0.358,0.198,0.292,123.419,4,spotify:track:2dPWP7FMCxnv4u9Api6WWU,Jazz
11,Young And Foolish,Bill Evans,Everybody Digs Bill Evans,354667,1959-01-01,"vocal jazz, jazz fusion, bebop, adult standards, jazz piano, jazz, cool jazz",False,51,0.438,0.0172,9,-23.66,1,0.0384,0.973,0.557,0.0815,0.136,100.989,4,spotify:track:1WygPWqmNs4s2fxtjmtI3O,Jazz
12,My Little Brown Book,"Duke Ellington, John Coltrane",Duke Ellington & John Coltrane,319733,1963-02-01,"african-american classical, vocal jazz, bebop, adult standards, big band, swing, free jazz, harlem renaissance, jazz piano, jazz, jazz saxophone, cool jazz",False,60,0.372,0.187,0,-13.497,0,0.0323,0.942,0.139,0.161,0.217,70.334,4,spotify:track:4rmCI9VWrwrJTJ8XQ80BMN,Jazz
13,Blue in Green (feat. John Coltrane & Bill Evans),"Miles Davis, John Coltrane, Bill Evans",Kind Of Blue (Legacy Edition),337733,1959-08-17,"vocal jazz, jazz fusion, bebop, adult standards, free jazz, jazz piano, hard bop, jazz trumpet, jazz, jazz saxophone, cool jazz",False,64,0.421,0.0162,2,-25.358,0,0.0388,0.808,0.0024,0.0978,0.154,110.479,4,spotify:track:0aWMVrwxPNYkKmFthzmpRi,Jazz
14,When Sunny Gets Blue,McCoy Tyner,Today And Tomorrow,282320,2009-01-01,"contemporary post-bop, vocal jazz, jazz fusion, free jazz, jazz piano, soul jazz, hard bop, jazz funk, jazz, cool jazz, stride, contemporary jazz, avant-garde jazz",False,60,0.427,0.114,2,-22.546,0,0.0509,0.843,0.863,0.0966,0.114,60.484,4,spotify:track:1J9iVCaEriyoMXpj2XszhU,Jazz
15,My Funny Valentine,Chet Baker,Chet Baker Sings,141133,1956-01-01,"vocal jazz, adult standards, jazz trumpet, jazz, cool jazz, lounge",False,63,0.438,0.00756,0,-26.44,0,0.0382,0.941,0.00643,0.109,0.277,133.32,4,spotify:track:4l9hml2UCnxoNI3yCdL1BW,Jazz
16,Solitude,Billie Holiday,Solitude,207600,1956-01-01,"vocal jazz, torch song, adult standards, soul, jazz blues, harlem renaissance, jazz, lounge",False,58,0.462,0.15,8,-13.531,1,0.0522,0.984,0.000902,0.105,0.19,98.66,3,spotify:track:30QD4VRP9yEneOh0eGTrtJ,Jazz
17,The Things We Did Last Summer,Freddie Hubbard,The Hub of Hubbard (192 Khz),439120,2016-05-13,"contemporary post-bop, vocal jazz, jazz fusion, bebop, big band, free jazz, soul jazz, hard bop, japanese jazz, jazz funk, jazz trumpet, jazz, cool jazz",False,51,0.308,0.114,5,-20.291,1,0.0399,0.912,0.919,0.169,0.163,79.261,4,spotify:track:1cfMdMmJqBlLn4auevv0iB,Jazz
18,Crystal Silence,Chick Corea,Return To Forever,415000,1972-07-01,"contemporary post-bop, jazz fusion, ecm-style jazz, jazz piano, jazz funk, jazz, cool jazz",False,55,0.203,0.0186,9,-24.277,0,0.0408,0.985,0.377,0.0728,0.0481,76.591,4,spotify:track:5F8rPLt2c52p0SK7kiH26b,Jazz
19,Dream A Little Dream Of Me - Single Version,"Ella Fitzgerald, Louis Armstrong","Love, Ella",185160,2007-05-03,"dixieland, vocal jazz, swing, adult standards, soul, jazz blues, harlem renaissance, jazz trumpet, new orleans jazz",False,71,0.443,0.104,0,-17.042,1,0.101,0.913,0.0,0.191,0.394,76.497,4,spotify:track:78MI7mu1LV1k4IA2HzKmHe,Jazz
20,Autumn Nocturne,Lou Donaldson,Blues Walk,294667,1958-01-01,,False,56,0.539,0.0678,0,-18.039,1,0.0468,0.967,0.168,0.114,0.263,124.105,4,spotify:track:4zPDjRgceGrR0Sm54YDTTf,Jazz
21,I Got It Bad And That Ain't Good,Oscar Peterson Trio,Night Train (Expanded Edition),306227,1963-01-01,"vocal jazz, bebop, adult standards, big band, hard bop, jazz trio, jazz, cool jazz, stride",False,60,0.488,0.0527,5,-27.331,1,0.0478,0.971,0.911,0.0882,0.193,49.689,4,spotify:track:4ol2UyMTiklHVujAWg02nE,Jazz
22,But Not For Me - Vocal Version,Chet Baker,Chet Baker Sings,184467,1956-01-01,"vocal jazz, adult standards, jazz trumpet, jazz, cool jazz, lounge",False,58,0.626,0.152,5,-14.182,0,0.0405,0.934,6.05e-05,0.12,0.545,82.174,4,spotify:track:3pfbQmD5xGH9Tcc7GqGfSL,Jazz
23,Cloe,Joe Pass,Intercontinental,321952,2014-08-12,"jazz fusion, bebop, jazz guitar, soul jazz, jazz, cool jazz",False,51,0.483,0.186,7,-21.824,0,0.0409,0.939,0.873,0.115,0.498,150.87,4,spotify:track:0cNc2tivyPqzgp13BSM7St,Jazz
24,Tell Me a Bedtime Story,Herbie Hancock,Fat Albert Rotunda,301867,1969-12-08,"contemporary post-bop, jazz fusion, jazz piano, funk, instrumental funk, jazz funk, jazz, cool jazz",False,52,0.398,0.527,4,-16.591,0,0.0297,0.713,0.934,0.119,0.353,118.504,4,spotify:track:6eimz6jvlZaPwtflDWCTa0,Jazz
25,April In Paris,Billie Holiday,All Or Nothing At All,185587,1958-01-01,"vocal jazz, torch song, adult standards, soul, jazz blues, harlem renaissance, jazz, lounge",False,61,0.496,0.127,0,-14.211,1,0.0382,0.927,7.07e-05,0.132,0.211,74.746,4,spotify:track:34zhjduFdQFhkRUJ230h9T,Jazz
26,You Go To My Head - 2020 Mix,Frank Sinatra,Nice 'n' Easy (2020 Mix),266800,1960-07-25,"easy listening, lounge, adult standards",False,53,0.147,0.215,3,-14.594,0,0.0346,0.965,0.000928,0.184,0.102,171.46,3,spotify:track:7KsJkshpIjjeIwyKnkhQUc,Jazz
27,Mirrors - Remastered 2004,Freddie Hubbard,Breaking Point,368107,2004-01-01,"contemporary post-bop, vocal jazz, jazz fusion, bebop, big band, free jazz, soul jazz, hard bop, japanese jazz, jazz funk, jazz trumpet, jazz, cool jazz",False,53,0.406,0.208,1,-13.767,0,0.0413,0.962,0.929,0.181,0.291,102.778,4,spotify:track:4WU6x0MauVlAkpV6aTX4FM,Jazz
28,A Day In The Life,Wes Montgomery,Wes Montgomery: Finest Hour,354973,2000-01-01,"jazz fusion, jazz guitar, soul jazz, hard bop, jazz, cool jazz",False,0,0.476,0.251,9,-13.854,0,0.0278,0.769,0.774,0.0637,0.37,98.833,4,spotify:track:6f7r5i4xVwePkHDHwwMK75,Jazz
29,These Foolish Things (Remastered),Lester Young,The Collection,190933,2014-09-01,"vocal jazz, bebop, swing, big band, soul jazz, hard bop, jazz, jazz saxophone, cool jazz, stride",False,0,0.593,0.103,10,-14.961,1,0.081,0.986,0.6,0.12,0.443,66.283,4,spotify:track:0ldmR2mJJNEoBIINfZWdv6,Jazz
30,Blue World,John Coltrane,Blue World,368253,2019-08-16,"bebop, free jazz, jazz, jazz saxophone, cool jazz",False,37,0.477,0.733,8,-8.301,1,0.0682,0.732,0.0756,0.153,0.385,120.42,3,spotify:track:5z8eOnPiOC22EYpniAX3Qg,Jazz
31,Blue Moon,Billie Holiday,Solitude,207827,1956-01-01,"vocal jazz, torch song, adult standards, soul, jazz blues, harlem renaissance, jazz, lounge",False,68,0.639,0.269,8,-11.435,1,0.0698,0.982,0.12,0.141,0.539,124.866,4,spotify:track:1pZn8AX1WulW8IO338hE5D,Jazz
32,Gary's Theme - 2003 Remastered Version,Bill Evans,You Must Believe In Spring,257693,1977-01-01,"vocal jazz, jazz fusion, bebop, adult standards, jazz piano, jazz, cool jazz",False,0,0.421,0.08,7,-21.795,1,0.04,0.903,0.859,0.135,0.0546,122.044,3,spotify:track:4G3EKvGtqcUSZqPQIWJFxd,Jazz
33,Turiya & Ramakrishna,Alice Coltrane,Ptah The El Daoud,498107,1996-01-01,"experimental, free jazz, world, afrofuturism, afropop, spiritual jazz, fourth world, jazz, jazz harp, avant-garde jazz",False,52,0.419,0.296,6,-14.721,1,0.0308,0.914,0.927,0.193,0.121,111.452,4,spotify:track:7tQ7e28gdQNhLcIbqc1PXY,Jazz
34,It's Only A Paper Moon,"Ella Fitzgerald, The Delta Rhythm Boys",The War Years (1941-1947),160133,1994-09-13,"vocal jazz, swing, adult standards, vocal harmony group, jazz blues",False,63,0.761,0.103,10,-16.964,1,0.0416,0.944,0.0,0.127,0.53,114.044,4,spotify:track:373yGkNo74RZgmQgTiR8xK,Jazz
35,Stormy Weather,Etta James,At Last!,187667,1960-01-01,"vocal jazz, torch song, adult standards, soul, jazz blues, soul blues",False,63,0.262,0.356,0,-8.031,0,0.0303,0.613,0.0,0.175,0.426,174.176,3,spotify:track:2IdwQxhJn9ZE4zIotcCefR,Jazz
36,This Is Always,Betty Carter,Inside Betty Carter,191960,1993-08-02,vocal jazz,False,49,0.417,0.0644,4,-19.687,0,0.0359,0.971,0.000134,0.126,0.138,113.713,4,spotify:track:6Kr25pa3pTd4no3yA0EcW1,Jazz
37,Soledad de Murcia,Michael Naura Quartet,Call,357423,2014-11-28,german jazz,False,45,0.465,0.263,9,-18.128,1,0.0287,0.877,0.28,0.0984,0.127,112.668,4,spotify:track:76XN6m7RzGYwnzngUGD6Tt,Jazz
38,Strange Fruit,Billie Holiday,Billie Holiday,192867,1957-01-01,"vocal jazz, torch song, adult standards, soul, jazz blues, harlem renaissance, jazz, lounge",False,60,0.313,0.0437,6,-22.627,1,0.0315,0.989,0.148,0.209,0.0625,100.827,1,spotify:track:1CTex49P0iWwzUGsMNjgaV,Jazz
39,There Will Never Be Another You,"Lester Young, Oscar Peterson Trio",The President Plays With The Oscar Peterson Trio,205667,1959-06-02,"vocal jazz, bebop, swing, big band, adult standards, soul jazz, hard bop, jazz trio, jazz, jazz saxophone, cool jazz, stride",False,58,0.588,0.0387,0,-17.944,0,0.06,0.978,0.823,0.116,0.342,83.4,4,spotify:track:6oSm3mBWFxJHEnjE2IqhmA,Jazz
40,Polka Dots And Moonbeams - Remastered,Bud Powell,The Amazing Bud Powell,243773,1998-01-01,"vocal jazz, bebop, swing, free jazz, jazz piano, soul jazz, hard bop, jazz, cool jazz, stride",False,42,0.558,0.0891,2,-17.633,0,0.0643,0.946,0.924,0.0966,0.13,100.523,4,spotify:track:3Wadbk42UtsJOT5mCx9Bb0,Jazz
41,"A Love Supreme, Pt. IV - Psalm",John Coltrane,A Love Supreme,422907,1965-02-01,"bebop, free jazz, jazz, jazz saxophone, cool jazz",False,41,0.381,0.313,7,-11.852,0,0.0312,0.897,0.0432,0.135,0.376,127.106,4,spotify:track:5FLQmLjjeNIuC8U5mDnXC8,Jazz
42,Moon River,Vince Guaraldi Trio,Jazz Impressions Of Black Orpheus [Original Jazz Classics Remasters] (OJC Remaster),321027,2010-01-01,"jazz trio, christmas instrumental, adult standards",False,44,0.319,0.157,0,-19.728,0,0.0368,0.987,0.849,0.138,0.266,191.259,3,spotify:track:4rrLFMxzVVwAJjmvHLPL8y,Jazz
43,Love Theme From Spartacus - Remastered,Yusef Lateef,Eastern Sounds,251600,1961-01-01,"bebop, free jazz, avant-garde, soul jazz, hard bop, jazz funk, jazz, jazz saxophone, cool jazz, avant-garde jazz",False,55,0.522,0.379,4,-14.096,0,0.0286,0.635,0.925,0.114,0.454,133.698,3,spotify:track:7yzM0pEseQUpb6BMViOPEA,Jazz
44,Senor Mouse,"Gary Burton, Chick Corea",Crystal Silence,377707,1973-04-16,"jazz vibraphone, contemporary post-bop, jazz fusion, ecm-style jazz, jazz piano, jazz funk, jazz, cool jazz, contemporary jazz",False,49,0.456,0.205,11,-19.74,0,0.0452,0.952,0.889,0.101,0.31,111.5,4,spotify:track:6linlPbVWEecMEMfNcul1e,Jazz
45,Search For Peace,McCoy Tyner,The Real McCoy (Remastered / Rudy Van Gelder Edition),392000,1967-01-01,"contemporary post-bop, vocal jazz, jazz fusion, free jazz, jazz piano, soul jazz, hard bop, jazz funk, jazz, cool jazz, stride, contemporary jazz, avant-garde jazz",False,50,0.456,0.222,0,-16.879,1,0.0354,0.938,0.806,0.24,0.15,112.725,4,spotify:track:4qRJ7ZJyfzchEd2fjle7Bz,Jazz
46,All of Me,Billie Holiday,Lady Day: The Complete Billie Holiday On Columbia (1933-1944),181440,1933-01-01,"vocal jazz, torch song, adult standards, soul, jazz blues, harlem renaissance, jazz, lounge",False,64,0.504,0.0644,2,-14.754,0,0.0408,0.972,4.36e-06,0.174,0.403,106.994,5,spotify:track:1LGqJ3nvxpVXDWpEzq4DJD,Jazz
47,I'm A Fool To Want You - 2006 Digital Remaster,Donald Byrd,Royal Flush,372787,2006-01-01,"jazz fusion, bebop, soul, funk, hard bop, jazz trumpet, jazz funk, soul jazz, jazz, cool jazz",False,45,0.386,0.075,5,-14.124,0,0.0348,0.985,0.904,0.0869,0.23,96.76,4,spotify:track:2FnTwpi1PdHLjgHv4XQEFn,Jazz
48,Goodbye Pork Pie Hat,Charles Mingus,Ah Um,342373,1959-01-01,"contemporary post-bop, jazz fusion, bebop, free jazz, hard bop, electric bass, jazz, cool jazz, jazz double bass, avant-garde jazz",False,57,0.356,0.0937,8,-16.64,0,0.0353,0.957,0.096,0.209,0.278,86.669,3,spotify:track:3PJMsxg6rz9FOo6xNiASXz,Jazz
49,Dolphin Dance,Ahmad Jamal Trio,The Awakening,306200,1970-01-01,"bebop, soul jazz, hard bop, jazz trio, jazz, cool jazz, stride",False,41,0.378,0.232,0,-18.05,1,0.0303,0.87,0.948,0.1,0.155,148.531,4,spotify:track:4KGcpnAbGlvVgd2HFQvexI,Jazz
50,'Long As You Know You're Living Yours,"Keith Jarrett, Jan Garbarek, Palle Danielsson, Jon Christensen",Belonging,370867,1974-10-01,"jazz fusion, swedish jazz, ecm-style jazz, jazz drums, jazz piano, jazz, jazz saxophone, norwegian jazz, cool jazz, classical saxophone, contemporary jazz, jazz double bass",False,51,0.605,0.376,5,-14.978,1,0.0322,0.253,0.207,0.117,0.948,131.927,4,spotify:track:5z7deaTe21B7QVPhSDouL1,Jazz
51,Naima,John Coltrane,Giant Steps (Deluxe Edition),258266,1960-01-01,"bebop, free jazz, jazz, jazz saxophone, cool jazz",False,56,0.303,0.0141,10,-19.759,0,0.0418,0.948,0.0944,0.0792,0.157,171.439,3,spotify:track:1hVRTl4yhWmGW7ImZoO22e,Jazz
52,Two Not One,"Lee Konitz, Warne Marsh",Lee Konitz with Warne Marsh,331267,2005-10-18,"vocal jazz, jazz fusion, bebop, big band, free jazz, soul jazz, hard bop, jazz, jazz saxophone, cool jazz, stride, contemporary jazz, avant-garde jazz",False,42,0.624,0.383,8,-10.561,1,0.0633,0.627,5.44e-06,0.0963,0.674,117.526,4,spotify:track:3bYBPyLGsa1unDrVaNzN4y,Jazz
53,Lover Man,Billie Holiday,Lover Man,197707,1958-01-01,"vocal jazz, torch song, adult standards, soul, jazz blues, harlem renaissance, jazz, lounge",False,51,0.365,0.136,0,-12.42,1,0.0436,0.921,0.0,0.103,0.255,64.212,3,spotify:track:0DuWyzeLH09PQcnOMJiRgE,Jazz
54,I'm A Fool To Want You,Dexter Gordon,Ballads,405227,1991-01-01,"vocal jazz, jazz fusion, bebop, swing, soul jazz, hard bop, jazz funk, jazz, jazz saxophone, cool jazz, stride",False,49,0.497,0.153,5,-12.65,0,0.0407,0.978,0.809,0.138,0.276,100.222,4,spotify:track:3kYrQXSao9IXp3EzMZQt5J,Jazz
55,Aisha,Joki Freund Sextet,Yogi Jazz,228533,1981-01-01,german jazz,False,0,0.163,0.14,4,-19.712,0,0.0373,0.428,0.955,0.0999,0.18,169.381,3,spotify:track:3B5nLEw1jmeZraWXc8uJHe,Jazz
56,Fly Me To The Moon - Remastered,"Frank Sinatra, Count Basie",Ultimate Sinatra,147147,2015-04-21,"vocal jazz, adult standards, big band, easy listening, swing, harlem renaissance, jazz piano, jazz, cool jazz, lounge, stride",False,66,0.67,0.365,0,-10.158,1,0.0564,0.525,0.0,0.0575,0.45,119.344,4,spotify:track:2dR5WkrpwylTuT3jRWNufa,Jazz
57,'Round Midnight,Thelonious Monk,"Genius Of Modern Music (Vol.1, Expanded Edition)",193840,1951-01-01,"vocal jazz, jazz fusion, bebop, jazz piano, hard bop, jazz, cool jazz, stride",False,56,0.542,0.32,8,-9.975,1,0.0387,0.907,0.649,0.0609,0.206,116.648,4,spotify:track:1wl5b2lw3YagQtZiYZbQWP,Jazz
58,"Alabama - Live At Birdland Jazzclub, New York City, NY, 10/18/1963",John Coltrane,Live At Birdland,308933,1963-01-01,"bebop, free jazz, jazz, jazz saxophone, cool jazz",False,47,0.428,0.0768,0,-17.412,0,0.0413,0.774,0.0487,0.123,0.112,107.712,4,spotify:track:013grywiX7Qu6WVfnJ1opa,Jazz
59,A Nightingale Sang In Berkeley Square,"Stan Getz, Bob Brookmeyer",Recorded Fall '61,419627,1961-01-01,"vocal jazz, bebop, adult standards, bossa nova, latin jazz, hard bop, jazz, jazz saxophone, cool jazz, jazz trombone, samba-jazz",False,0,0.425,0.0429,1,-24.86,1,0.0408,0.951,0.0184,0.148,0.255,96.097,4,spotify:track:4bRNH9mxHDszZGskpBFhPq,Jazz
60,Fair Weather - Remastered,Art Farmer,Modern Art,344067,1958-01-01,"contemporary post-bop, bebop, big band, soul jazz, hard bop, jazz trumpet, jazz funk, jazz, cool jazz, stride",False,44,0.615,0.204,7,-16.075,1,0.0439,0.872,0.382,0.071,0.496,96.47,4,spotify:track:3X3p3u03P8eFL8WTH0oaaU,Jazz
61,Alone Together - Rudy Van Gelder Remaster,Kenny Dorham,Quiet Kenny,190400,1992-01-01,"vocal jazz, bebop, big band, free jazz, soul jazz, hard bop, jazz trumpet, jazz, cool jazz, stride",False,54,0.336,0.0619,5,-20.494,0,0.0363,0.985,0.891,0.11,0.197,60.705,4,spotify:track:3GOZbK2epuHzCt5YvvVFHO,Jazz
62,God Bless the Child,Sonny Rollins,The Bridge,447560,1962-01-01,"contemporary post-bop, jazz fusion, bebop, big band, soul jazz, hard bop, jazz, jazz saxophone, cool jazz",False,49,0.493,0.0421,2,-18.071,1,0.0347,0.913,0.173,0.0777,0.172,102.074,4,spotify:track:7DUGRxCf9NFJffb5Eei8Ar,Jazz
63,Stella By Starlight (feat. John Coltrane & Bill Evans),"Miles Davis, John Coltrane, Bill Evans",Kind Of Blue (Legacy Edition),284560,1959-08-17,"vocal jazz, jazz fusion, bebop, adult standards, free jazz, jazz piano, hard bop, jazz trumpet, jazz, jazz saxophone, cool jazz",False,55,0.47,0.144,10,-12.824,1,0.0365,0.912,0.000118,0.0965,0.243,84.787,4,spotify:track:4zxd4tiXPlWMqoJltbVTbE,Jazz
64,Close Your Eyes,Art Blakey & The Jazz Messengers,Just Coolin',386700,2020-07-17,"jazz fusion, bebop, jazz drums, soul jazz, hard bop, jazz, cool jazz",False,52,0.565,0.222,5,-19.933,0,0.0646,0.799,0.000213,0.0934,0.689,99.198,4,spotify:track:3vlX5kFfQHDloPDV1cGENX,Jazz
65,"Köln, January 24, 1975, Pt. II C - Live",Keith Jarrett,The Köln Concert,416840,1975-11-30,"jazz fusion, ecm-style jazz, jazz piano, jazz, cool jazz, contemporary jazz",False,50,0.27,0.688,0,-16.305,1,0.0547,0.973,0.884,0.669,0.219,75.845,4,spotify:track:4FMI4Ln1LhyxGldkNXan5e,Jazz
66,Autumn Leaves,Chet Baker,My Funny Valentine: The Best Of Chet Baker,423573,2010-04-23,"vocal jazz, adult standards, jazz trumpet, jazz, cool jazz, lounge",False,57,0.496,0.634,5,-10.328,0,0.0364,0.779,0.402,0.0746,0.606,93.357,4,spotify:track:2iUrcZcAuVIahQD0dg9HLe,Jazz
67,I'm Old Fashioned - Remastered 2003/Rudy Van Gelder Edition,John Coltrane,Blue Train (Expanded Edition),477760,1958-01-01,"bebop, free jazz, jazz, jazz saxophone, cool jazz",False,50,0.394,0.23,3,-10.475,1,0.0348,0.931,0.497,0.0662,0.358,78.319,4,spotify:track:5p95DUZplmVxY0XCQ3hxUV,Jazz
68,Stormy Weather,Oscar Peterson Trio,Plays the Harold Arlen Song Book,213387,2001-01-01,"vocal jazz, bebop, adult standards, big band, hard bop, jazz trio, jazz, cool jazz, stride",False,0,0.652,0.171,7,-16.1,1,0.0569,0.99,0.864,0.158,0.562,118.883,4,spotify:track:6ffJxrVKkPVW4hiRoiteB2,Jazz
69,Tea for Two,Art Tatum,Piano Starts Here,193867,1933-01-01,"vintage jazz, vocal jazz, bebop, swing, big band, jazz piano, hard bop, jazz, cool jazz, stride",False,51,0.358,0.452,1,-13.02,1,0.0347,0.991,0.864,0.14,0.525,166.973,4,spotify:track:0Otf1ZfYNIjhqFIuJk0fsy,Jazz
70,Strange Meadow Lark,The Dave Brubeck Quartet,Time Out,442227,1959-03-24,"cool jazz, jazz quartet, jazz, bebop",False,47,0.53,0.143,8,-17.471,1,0.0423,0.958,0.497,0.278,0.119,125.464,4,spotify:track:0ivpUENLpheuPoa6VuY1ax,Jazz
71,I Remember Clifford - Rudy Van Gelder Edition; 2007 Digital Remaster,Lee Morgan,Volume 3,429040,1957-04-01,"bebop, big band, free jazz, soul jazz, hard bop, jazz trumpet, jazz funk, jazz, cool jazz",False,47,0.376,0.278,0,-8.597,0,0.0416,0.912,0.886,0.0728,0.199,62.055,4,spotify:track:6KawDsALZTY6FA8CE1NLZK,Jazz
72,How Long Has This Been Going On,"Ben Webster, Harry ""Sweets"" Edison","Ben And ""Sweets""",330693,1962-01-01,"vocal jazz, bebop, swing, soul jazz, hard bop, jazz trumpet, jazz, jazz saxophone, cool jazz, stride, jazz brass",False,43,0.529,0.0367,0,-21.63,1,0.0515,0.99,0.31,0.127,0.214,140.296,4,spotify:track:10El9hxviSBm7pChWxG1ib,Jazz
73,Hipsippy Blues,Art Blakey & The Jazz Messengers,Just Coolin',400447,2020-07-17,"jazz fusion, bebop, jazz drums, soul jazz, hard bop, jazz, cool jazz",False,50,0.573,0.247,5,-19.282,0,0.0627,0.713,5.64e-05,0.103,0.604,138.234,4,spotify:track:3iFlfQ0CXc9URaAvai8VUe,Jazz
74,Say It (Over And Over Again),John Coltrane Quartet,Ballads (Deluxe Edition - Rudy Van Gelder Remaster),255960,1963-01-01,"bebop, free jazz, hard bop, jazz quartet, jazz, jazz saxophone, cool jazz",False,53,0.488,0.124,3,-13.038,1,0.0404,0.963,0.333,0.246,0.205,66.105,4,spotify:track:016HKF7A4O7tatoJ9BgZM1,Jazz
75,Dedicated To You,"John Coltrane, Johnny Hartman",John Coltrane & Johnny Hartman,330427,1963-01-01,"vocal jazz, bebop, adult standards, free jazz, jazz, jazz saxophone, cool jazz",False,29,0.413,0.0552,8,-18.538,1,0.0346,0.977,0.00091,0.185,0.106,107.842,5,spotify:track:1GhDF8jJYkDtwH4NYXsDuh,Jazz
76,They Can't Take That Away from Me - 2012 Remastered Version,Mel Tormé,Sing for Your Supper,181653,2017-10-27,"vocal jazz, swing, adult standards, easy listening, lounge",False,36,0.488,0.337,5,-10.185,0,0.0463,0.851,2.12e-05,0.126,0.471,133.27,4,spotify:track:2Ef24NcyyZAMngL4uQd3xC,Jazz
77,Infant Eyes - Remastered1998/Rudy Van Gelder Edition,Wayne Shorter,Speak No Evil,414240,1999-01-01,"contemporary post-bop, jazz fusion, free jazz, soul jazz, hard bop, jazz funk, jazz, jazz saxophone, cool jazz, contemporary jazz",False,50,0.34,0.0837,3,-12.072,1,0.042,0.985,0.761,0.0945,0.119,138.689,3,spotify:track:0IffIW3eyCx9aZ36IqOu5o,Jazz
78,It Ain't Necessarily So,Mary Lou Williams,Gilles Peterson - Magic Peterson Sunshine,280481,2016-04-15,"cool jazz, stride, jazz piano",False,49,0.478,0.238,4,-17.115,0,0.0318,0.946,0.904,0.0978,0.178,126.188,3,spotify:track:2qswPLZD9CbUoSidGNyxwm,Jazz
79,Windows,Chick Corea,The Best Of Chick Corea,191933,1993-01-01,"contemporary post-bop, jazz fusion, ecm-style jazz, jazz piano, jazz funk, jazz, cool jazz",False,50,0.503,0.344,1,-19.024,1,0.0369,0.673,0.381,0.096,0.468,108.489,4,spotify:track:0m8tSPLHhjhGToD6LW0RPp,Jazz
80,Corcovado (Quiet Nights Of Quiet Stars),"Stan Getz, João Gilberto, Astrud Gilberto, Antônio Carlos Jobim",Getz Plays Jobim: The Girl From Ipanema,254400,2002-01-01,"vocal jazz, latin classical, brazilian jazz, adult standards, samba, jazz guitar, bossa nova, latin jazz, brazilian classical, violao, jazz, jazz saxophone, mpb, cool jazz, lounge, samba-jazz",False,0,0.597,0.128,9,-16.656,0,0.0491,0.959,0.000704,0.123,0.34,128.393,4,spotify:track:0xcJPMoBe9FenntXbfyx97,Jazz
81,So Tender,"Keith Jarrett, Gary Peacock, Jack DeJohnette","Standards, Vol. 2",435267,1983-01-01,"jazz fusion, swedish jazz, ecm-style jazz, jazz drums, jazz piano, jazz, cool jazz, contemporary jazz, jazz double bass, avant-garde jazz",False,52,0.373,0.302,1,-20.358,0,0.0376,0.818,0.835,0.171,0.35,86.925,4,spotify:track:0Dt1B5dNfajRczQKZA87aL,Jazz
82,Cool Out,Leroy Hutson,Hutson,179293,2017-06-30,"southern soul, post-disco, soul, classic soul, jazz funk, chicago soul",False,0,0.453,0.367,2,-16.245,0,0.0343,0.0708,0.00183,0.1,0.127,140.832,3,spotify:track:489alJQIWUauqzKTMuXRjm,Jazz
83,Journey In Satchidananda,"Alice Coltrane, Pharoah Sanders",Journey in Satchidananda,396067,1971-01-01,"jazz fusion, experimental, free jazz, world, afrofuturism, afropop, hard bop, spiritual jazz, jazz funk, soul jazz, fourth world, jazz, jazz harp, cool jazz, jazz saxophone, avant-garde jazz",False,43,0.184,0.543,11,-13.583,0,0.0391,0.016,0.0,0.105,0.211,98.4,3,spotify:track:2gG3ivmsfylVXLyIJvLXyN,Jazz
84,If I Should Lose You,Nina Simone,Wild Is The Wind,235760,1966-09-16,"vocal jazz, torch song, soul, jazz blues, soul jazz",False,39,0.224,0.122,2,-16.766,1,0.036,0.985,0.0206,0.111,0.0952,82.277,4,spotify:track:6YRVj7ZJyFrr6tso0QV15e,Jazz
85,Nature Boy,"Jan Johansson, Georg Riedel",Jan Johansson in Hamburg with Georg Riedel,284187,2011-08-26,"barnmusik, swedish jazz",False,50,0.438,0.182,2,-15.209,0,0.0338,0.983,0.841,0.119,0.0639,65.535,3,spotify:track:7hDq6sOZ5Rl1XnSSfoOBRK,Jazz
86,Blue Skies,Art Tatum,The Complete Capitol Recordings Of Art Tatum,172293,1997-01-01,"vintage jazz, vocal jazz, bebop, swing, big band, jazz piano, hard bop, jazz, cool jazz, stride",False,49,0.443,0.0711,1,-20.146,1,0.0486,0.989,0.894,0.101,0.596,175.02,4,spotify:track:0ADAFZE0bYIuaIyPNFl3LE,Jazz
87,"So What (feat. John Coltrane, Cannonball Adderley & Bill Evans)","Miles Davis, John Coltrane, Cannonball Adderley, Bill Evans",Kind Of Blue (Legacy Edition),562640,1959-08-17,"vocal jazz, jazz fusion, bebop, adult standards, free jazz, big band, jazz blues, jazz piano, soul jazz, hard bop, jazz trumpet, jazz, jazz saxophone, cool jazz",False,61,0.532,0.151,0,-17.266,1,0.0376,0.706,0.00136,0.116,0.211,136.759,4,spotify:track:4vLYewWIvqHfKtJDk8c8tq,Jazz
88,Where We Used To Live,Esbjörn Svensson Trio,Tuesday Wonderland,267173,2006-09-22,"jazz fusion, modern jazz trio, swedish jazz, ecm-style jazz, jazz trio, jazz, contemporary jazz",False,50,0.517,0.0917,0,-18.395,1,0.0336,0.876,0.629,0.108,0.0836,95.068,4,spotify:track:72PqmnVj86bfTnkFiQ9Mx9,Jazz
89,Lullaby Of The Leaves - 1998 Digital Remaster,Gerry Mulligan,The Original Quartet With Chet Baker,195160,1998-01-01,"vocal jazz, bebop, swing, big band, soul jazz, hard bop, jazz, jazz saxophone, cool jazz",False,47,0.439,0.082,0,-17.066,1,0.0407,0.972,0.893,0.0913,0.492,124.69,4,spotify:track:08rTZ8jNknn8VBS3v2o8pT,Jazz
90,Lullaby Of Birdland,"Sarah Vaughan, Clifford Brown",Sarah Vaughan,240867,1954-12-01,"vocal jazz, torch song, jazz fusion, bebop, adult standards, swing, big band, soul, soul jazz, hard bop, jazz trumpet, jazz, cool jazz, lounge, stride",False,52,0.578,0.351,11,-12.432,0,0.101,0.813,0.0,0.123,0.476,122.712,4,spotify:track:5z161QQZMgQxSILnv3QoJk,Jazz
91,Mean To Me - Remastered/1998,Dean Martin,This Time I'm Swingin',130253,1960-01-01,"easy listening, lounge, vocal jazz, adult standards",False,49,0.615,0.145,7,-14.283,1,0.0422,0.748,0.0,0.0292,0.505,102.633,4,spotify:track:4R6rf3KbP45JST6Cr3Enry,Jazz
92,"A Love Supreme, Pt. I – Acknowledgement",John Coltrane,A Love Supreme,462867,1965-02-01,"bebop, free jazz, jazz, jazz saxophone, cool jazz",False,50,0.37,0.586,5,-13.468,0,0.0581,0.485,1.96e-06,0.348,0.519,121.573,4,spotify:track:0CLbmkYmQIWiEwnsbOkLpd,Jazz
93,Teach Me Tonight,Dinah Washington,"The Complete Dinah Washington On Mercury, Vol.4 (1954-1956)",167493,1988-01-01,"vocal jazz, adult standards, swing, soul, jazz blues, jazz, lounge",False,59,0.558,0.231,5,-11.436,0,0.0812,0.805,0.0,0.142,0.403,73.103,4,spotify:track:0Rk9byjmZksAJX15onGns5,Jazz
94,Unforgettable,Nat King Cole,Unforgettable,191973,1954-01-01,"lounge, vocal jazz, adult standards",False,67,0.349,0.182,5,-13.507,1,0.031,0.92,0.0152,0.143,0.178,136.094,3,spotify:track:648TTtYB0bH0P8Hfy0FmkL,Jazz
95,Summertime,Albert Ayler,On Green Dolphin Street,527579,2016-01-18,"experimental, free jazz, avant-garde, free improvisation, jazz saxophone, avant-garde jazz",False,44,0.446,0.191,10,-15.854,1,0.0385,0.925,0.574,0.3,0.291,137.046,4,spotify:track:1iCAi2GzGYqCEm1t3Zpx8O,Jazz
96,Cristo Redentor - Remastered,Donald Byrd,A New Perspective (Remastered / Rudy Van Gelder Edition),343280,1963-01-01,"jazz fusion, bebop, soul, funk, hard bop, jazz trumpet, jazz funk, soul jazz, jazz, cool jazz",False,48,0.26,0.203,7,-12.231,0,0.0353,0.99,0.944,0.134,0.064,173.503,3,spotify:track:0Xfq6BeOHdzf16gk9y8a1P,Jazz
97,It Never Entered My Mind,"Coleman Hawkins, Ben Webster",Coleman Hawkins Encounters Ben Webster (Expanded Edition),346920,1959-11-01,"vocal jazz, bebop, adult standards, big band, swing, soul jazz, hard bop, jazz, jazz saxophone, cool jazz, stride",False,47,0.564,0.097,5,-16.442,1,0.038,0.958,0.0588,0.119,0.393,132.653,4,spotify:track:6PKCEB5JzjCizpz9hUQcpX,Jazz
98,From Gagarin's Point of View,Esbjörn Svensson Trio,From Gagarin's Point of View,243333,1999-01-01,"jazz fusion, modern jazz trio, swedish jazz, ecm-style jazz, jazz trio, jazz, contemporary jazz",False,0,0.621,0.0335,2,-21.479,0,0.0395,0.555,0.93,0.218,0.126,104.036,4,spotify:track:3QxZooLdeJBAf0x405DDI7,Jazz
99,I've Grown Accustomed To Her Face - Remastered/1998,Dean Martin,This Time I'm Swingin',162867,1960-01-01,"easy listening, lounge, vocal jazz, adult standards",False,47,0.567,0.124,0,-16.446,1,0.0562,0.792,0.0,0.106,0.343,79.37,4,spotify:track:0BFCbH1cxzeUSJBVwJGRLg,Jazz
100,Too Young To Go Steady,John Coltrane Quartet,Ballads (Deluxe Edition),262427,1963-01-01,"bebop, free jazz, hard bop, jazz quartet, jazz, jazz saxophone, cool jazz",False,0,0.548,0.181,5,-12.516,1,0.0394,0.966,0.296,0.0518,0.352,128.625,4,spotify:track:3aPjTvCKcGXF1TbVILWP4e,Jazz
101,You Don't Know What Love Is,The Sweetgreens,You Don't Know What Love Is,150123,2020-10-16,background jazz,False,54,0.581,0.0509,5,-25.046,0,0.0377,0.854,0.892,0.124,0.269,118.494,4,spotify:track:4bDk3TKM6kF1MT2Tzek7QJ,Jazz
102,Stella by Starlight,Sophie Lemon Jazz,Tea for Two,303000,2020-12-28,,False,40,0.369,0.143,10,-14.544,1,0.0347,0.934,0.777,0.104,0.0849,79.441,3,spotify:track:3TVpiMoI86chM88b0I712D,Jazz
103,From Dream to Dream,Benny Golson,"New Time, New 'Tet",453133,2009-01-01,"contemporary post-bop, bebop, big band, soul jazz, hard bop, jazz, jazz saxophone, cool jazz, stride",False,42,0.3,0.0975,7,-20.243,0,0.0391,0.967,0.969,0.116,0.138,169.876,3,spotify:track:1VKza9389xxGndNAuoB1W3,Jazz
104,Late Lament,Tim Franks Trio,Late Lament,320859,2021-04-09,background jazz,False,55,0.348,0.168,3,-19.254,0,0.0353,0.985,0.917,0.0854,0.149,82.508,3,spotify:track:3eDOviMyR6gSoN2AeONg7Q,Jazz
105,Stillness,KTZ Players,Stillness,167271,2020-09-11,background jazz,False,57,0.533,0.0492,9,-19.517,1,0.0319,0.912,0.862,0.119,0.166,96.842,4,spotify:track:40ydDb82UYQzcZlqNsVj7N,Jazz
106,the point above,Brandon's Three,the point above,168616,2021-03-05,background jazz,False,57,0.45,0.0767,2,-22.482,0,0.0378,0.869,0.747,0.0853,0.167,100.427,4,spotify:track:27j2QBudHBt7AYWjCpcnEa,Jazz
107,Julia,The Stilltones,Julia,232833,2020-09-25,background jazz,False,56,0.478,0.0796,0,-18.825,1,0.031,0.769,0.154,0.109,0.132,104.17,4,spotify:track:6hTEfMxYFeUqiAJ5jIX7Y5,Jazz
108,You Confuse Me,Jeff Laine & Co,You Confuse Me,191527,2020-08-14,,False,54,0.352,0.0754,9,-15.685,1,0.0345,0.932,0.0288,0.11,0.0789,103.117,4,spotify:track:46WT4GuSWziUJIDtjUJHQr,Jazz
109,I Got It Bad And That Ain't Good,Oscar Peterson Trio,Night Train (Expanded Edition),306227,1963-01-01,"vocal jazz, bebop, adult standards, big band, hard bop, jazz trio, jazz, cool jazz, stride",False,60,0.488,0.0527,5,-27.331,1,0.0478,0.971,0.911,0.0882,0.193,49.689,4,spotify:track:4ol2UyMTiklHVujAWg02nE,Jazz
110,Embracable You,Red Stairs Jazz Quartet,Easy Living,154718,2020-03-08,background jazz,False,51,0.37,0.0811,7,-20.658,1,0.033,0.975,0.732,0.247,0.0836,84.045,4,spotify:track:2vc6aQG10jrwwi2VGXXcfl,Jazz
111,Someone To Watch Over Me,Long Island Quartet,Someone To Watch Over Me,248127,2020-11-20,background jazz,False,54,0.46,0.0792,3,-15.388,1,0.0351,0.963,0.386,0.0959,0.332,101.494,4,spotify:track:6idTshNWsrWkNUrJYgzs3v,Jazz
112,Hirte,Kilian Kemmer Trio,Und Zarathustra Tanzte,323125,2021-04-23,modern jazz trio,False,28,0.417,0.125,1,-22.591,0,0.0377,0.926,0.921,0.108,0.0708,66.728,4,spotify:track:44GnQP1rFHn2BC7NJsQ183,Jazz
113,Beneath The Pale Moonlight,Tom Stills Quartet,Beneath The Pale Moonlight,251595,2020-09-18,background jazz,False,55,0.305,0.0554,2,-19.379,0,0.0337,0.759,0.427,0.126,0.108,92.564,4,spotify:track:0Cw4AgG0dPKJKO0oT6xOr9,Jazz
114,Mood,Miles Davis,E.S.P.,530040,1965-11-01,"jazz fusion, hard bop, jazz trumpet, jazz, cool jazz",False,43,0.576,0.0521,1,-18.598,1,0.036,0.782,0.00434,0.115,0.232,82.715,3,spotify:track:1LS7O7v95kU5BbZny7ooni,Jazz
115,Silhouette,Carlton Maison Quartet,I´m Glad There Is You,231774,2021-03-26,,False,51,0.516,0.144,3,-14.12,0,0.042,0.983,0.32,0.149,0.336,109.544,4,spotify:track:1CcKHNpexFobMLQwN1MzKr,Jazz
116,Bandängen,Jazz Tonality,Bandängen,150979,2021-05-28,,False,0,0.529,0.0992,7,-20.324,0,0.0316,0.913,0.381,0.0967,0.0388,113.064,4,spotify:track:7HX0DryEZ4qOYEzVCF942E,Jazz
117,Jazzanooga,Chattanooga Trio,Jazzanooga,167570,2020-11-25,background jazz,False,54,0.588,0.0493,1,-20.4,1,0.0355,0.882,0.496,0.136,0.202,99.929,4,spotify:track:3itQmY3qDISKklo9IYsVsq,Jazz
118,Bianca,Robert Elovsson Quartet,Anyone Anytime,208250,2019-09-13,background jazz,False,53,0.369,0.121,5,-20.462,0,0.0322,0.96,0.664,0.13,0.149,72.513,4,spotify:track:2T2dIV8coIPZ08ryHUYy6z,Jazz
119,If You Could See Me Now,Bill Evans Trio,Trio 65,286360,1965-02-03,"contemporary post-bop, vocal jazz, jazz fusion, bebop, soul jazz, hard bop, jazz trio, jazz, cool jazz, stride",False,36,0.505,0.11,10,-20.783,0,0.0404,0.978,0.799,0.132,0.108,118.066,4,spotify:track:7g7uRAOFaOoLG6CcAPSUX5,Jazz
120,Caerulea,Bladverk Band,Obliqua,186665,2020-09-03,"background jazz, dinner jazz",False,63,0.475,0.105,9,-18.046,0,0.0351,0.962,0.695,0.115,0.0563,54.727,4,spotify:track:05IRllaVkCLy5Iyz3JUXNC,Jazz
121,Danny´s Dream,Eddie Harper,If You Could See Me Now,214092,2020-12-04,background jazz,False,58,0.283,0.086,5,-17.989,0,0.0461,0.972,0.443,0.19,0.26,203.925,1,spotify:track:5X7wI6LqZfnp6XGYRSktPo,Jazz
122,It Never Entered My Mind,"Coleman Hawkins, Ben Webster",Coleman Hawkins Encounters Ben Webster (Expanded Edition),346920,1959-11-01,"vocal jazz, bebop, adult standards, big band, swing, soul jazz, hard bop, jazz, jazz saxophone, cool jazz, stride",False,47,0.564,0.097,5,-16.442,1,0.038,0.958,0.0588,0.119,0.393,132.653,4,spotify:track:6PKCEB5JzjCizpz9hUQcpX,Jazz
123,Some Other Time - Live,Bill Evans Trio,"The Complete Village Vanguard Recordings, 1961",297958,2005-01-01,"contemporary post-bop, vocal jazz, jazz fusion, bebop, soul jazz, hard bop, jazz trio, jazz, cool jazz, stride",False,45,0.432,0.0658,0,-28.091,1,0.0512,0.946,0.944,0.693,0.121,124.621,4,spotify:track:27WWPIrSHvlY1YCKI8WFcf,Jazz
124,The ballad of sad young men,The Collective,Same As Ever,310450,2021-03-19,,False,55,0.479,0.115,4,-20.306,0,0.0343,0.936,0.756,0.152,0.115,116.047,4,spotify:track:5gvPQHCaeoHCG7pKse1VqO,Jazz
125,Tenderly,Mark Roswell Trio,Tenderly,203349,2021-04-16,background jazz,False,56,0.537,0.132,3,-18.58,1,0.0363,0.96,0.864,0.144,0.119,119.394,3,spotify:track:5w6hGJhvWy9Fth9eldO0rT,Jazz
126,Silent Dreams,The City of Birches,Silent Dreams,248038,2020-11-20,,False,58,0.398,0.0521,0,-18.31,0,0.0367,0.967,0.163,0.109,0.246,112.87,4,spotify:track:6Io5TW0gliTyIZIssh5vS5,Jazz
127,Everytime We Say Goodbye,Billy Charlotte,How Long Has This Been Going On,245714,2021-01-25,background jazz,False,54,0.46,0.215,5,-16.813,0,0.0291,0.914,0.772,0.125,0.198,96.269,4,spotify:track:6xeEdMWJiNsQwxmCJ7fsQ6,Jazz
128,I Can't Give You Anything But Love,Harper Pepe,Days Of Wine And Roses,172500,2019-09-03,background jazz,False,40,0.397,0.0386,5,-25.363,1,0.0385,0.996,0.946,0.0953,0.352,67.883,4,spotify:track:7sJOTQaJtgkqUviKXRmUQe,Jazz
129,A Better Place,Joel Lyssarides,A Better Place,133208,2019-09-26,background jazz,False,36,0.312,0.00641,5,-26.725,1,0.0407,0.937,0.957,0.11,0.175,100.778,4,spotify:track:7JfORZg3Tvn0YyDZCiGhMU,Jazz
130,'Round Midnight (feat. John Coltrane),"Miles Davis, John Coltrane",'Round About Midnight,355333,1957-03-18,"jazz fusion, bebop, free jazz, hard bop, jazz trumpet, jazz, jazz saxophone, cool jazz",False,56,0.494,0.182,10,-11.116,0,0.0443,0.79,0.00036,0.129,0.21,112.689,4,spotify:track:5vb7At47uO0yPGfmYnAHuw,Jazz
131,Time Remembered,Sarah Troedsson,Time Remembered,184878,2021-04-23,,False,57,0.394,0.181,7,-20.645,1,0.0322,0.963,0.921,0.11,0.0536,107.234,4,spotify:track:2kuCedGQNreDSHNCmxJLwr,Jazz
132,Teru - Rudy Van Gelder Edition/2000 Digital Remaster/24 Bit Mastering,Wayne Shorter,Adam's Apple (Rudy Van Gelder Edition),372867,2003-01-01,"contemporary post-bop, jazz fusion, free jazz, soul jazz, hard bop, jazz funk, jazz, jazz saxophone, cool jazz, contemporary jazz",False,39,0.35,0.0587,7,-20.725,0,0.0406,0.992,0.859,0.116,0.164,107.392,4,spotify:track:2WSJsFFzxQGYFJlR57ddGI,Jazz
133,Its That Simple,Robert Elovsson Quartet,Its That Simple,252500,2020-11-13,background jazz,False,51,0.381,0.0454,7,-22.697,0,0.0313,0.971,0.595,0.119,0.185,92.608,4,spotify:track:1ancD3oX9uRaQ0oKrFVTi8,Jazz
134,Alfie,Long Island Quartet,Born in July,217973,2020-08-28,background jazz,False,54,0.332,0.142,7,-16.503,1,0.0344,0.968,0.603,0.336,0.244,102.033,3,spotify:track:5YTYCMTxcvM29aTYRp99gm,Jazz
135,Chimes,Duponte et Duponte,Chimes,163591,2020-09-18,,False,62,0.458,0.0533,10,-20.472,0,0.0289,0.863,0.138,0.11,0.155,96.864,4,spotify:track:6gzPmb75SbQGuCWwtAoutC,Jazz
136,"Believe, Beleft, Below",Esbjörn Svensson Trio,Seven Days of Falling,291227,2003-09-22,"jazz fusion, modern jazz trio, swedish jazz, ecm-style jazz, jazz trio, jazz, contemporary jazz",False,46,0.647,0.0452,10,-21.198,1,0.0349,0.85,0.779,0.0928,0.141,102.285,4,spotify:track:1HKZo7knu3IuCJo9JVGz1i,Jazz
137,I Could Write A Book,Jacob Schwarz Trio,Jazz Nights,189730,2019-11-14,,False,50,0.505,0.0625,0,-23.48,1,0.0292,0.936,0.933,0.116,0.272,93.214,4,spotify:track:7nbQBpnj4CfKEycYy1dNLT,Jazz
138,How My Heart Sings,Dylan Lytle,How My Heart Sings,185829,2019-12-17,background jazz,False,45,0.532,0.0872,4,-20.407,0,0.0416,0.954,0.954,0.0951,0.187,131.494,4,spotify:track:5liCciLu82rWull0PwMxBj,Jazz
139,Tell Me When,Gerry Mulligan,Gerry Mulligan Meets Ben Webster,306333,1963-01-01,"vocal jazz, bebop, swing, big band, soul jazz, hard bop, jazz, jazz saxophone, cool jazz",False,42,0.437,0.00805,10,-25.802,0,0.0452,0.956,0.664,0.115,0.13,110.567,4,spotify:track:0HG8WuIuukHhsonrn50qKk,Jazz
140,Waltz At Midnight,Midtown Trio,Waltz At Midnight,214940,2020-12-11,,False,52,0.478,0.0901,2,-16.511,1,0.036,0.946,0.956,0.136,0.163,82.946,3,spotify:track:6fmBZeSeM8Cp4mNivC7AGT,Jazz
141,In The Wee Small Hours of the Morning,The Andy Love Band,Sidewinder,262695,2020-03-02,,False,51,0.45,0.106,0,-21.776,1,0.0314,0.987,0.816,0.1,0.173,99.91,4,spotify:track:6E1m3l49ocTr2gKzl3lFvT,Jazz
142,Dreamin',Hara Noda,Catcher,149775,2019-08-16,"background jazz, dinner jazz",False,51,0.617,0.13,5,-18.364,1,0.0404,0.97,0.555,0.107,0.222,118.037,4,spotify:track:6oJ3j2m4kCHpMZhOY5jx8d,Jazz
143,Never Let Me Go,Joshua Redman,Trios Live,398120,2014-06-13,"contemporary post-bop, jazz fusion, hard bop, jazz funk, jazz, jazz saxophone, straight-ahead jazz, cool jazz, contemporary jazz, indie jazz",False,34,0.495,0.114,5,-18.683,1,0.0716,0.935,0.0957,0.728,0.319,112.423,4,spotify:track:0t5LDxM86wbi5W7gwkGtPv,Jazz
144,And All Is Well Now,Gillian Spencer Trio,And All Is Well Now,189833,2020-05-16,,False,58,0.219,0.0442,7,-18.051,1,0.0348,0.853,0.864,0.101,0.167,79.101,4,spotify:track:116Z8pydjYsREn2LWk7El7,Jazz
145,Spring Is Here,"Bill Evans, Scott LaFaro, Paul Motian",Portrait In Jazz [Keepnews Collection],309360,1960-01-01,"vocal jazz, jazz fusion, bebop, jazz drums, adult standards, ecm-style jazz, free jazz, jazz piano, jazz, cool jazz, contemporary jazz, jazz double bass, avant-garde jazz",False,45,0.409,0.0432,8,-22.772,1,0.0411,0.985,0.859,0.101,0.0815,111.976,4,spotify:track:6NVHxwaBkfTIINMCmZ1JUl,Jazz
146,Somewhere Over the Rainbow,Lia Riggs Trio,Somewhere Over the Rainbow,177332,2021-03-12,,False,57,0.525,0.0166,5,-23.528,0,0.0378,0.977,0.955,0.107,0.203,99.393,4,spotify:track:3I9jByU1f1o45YfxPrsCWI,Jazz
147,One For Daddy-O - Remastered,Cannonball Adderley,Somethin' Else (Rudy Van Gelder Edition),505453,1958-01-01,"vocal jazz, jazz fusion, bebop, big band, jazz blues, soul jazz, hard bop, jazz, cool jazz",False,52,0.616,0.434,5,-7.257,0,0.031,0.581,0.0,0.131,0.404,108.467,4,spotify:track:4f0D7T8yswXUJ62AKLoMtS,Jazz
148,Once I Had A Secret Love,CMC 3,Dear Old Stockholm,258185,2020-10-02,"background jazz, dinner jazz",False,60,0.276,0.232,5,-17.572,0,0.0336,0.966,0.952,0.107,0.157,81.423,3,spotify:track:05prboiM4bmlXfvsvghvI1,Jazz
149,Dear Kathy,Benny Golson,Turning Point,288840,2005-01-01,"contemporary post-bop, bebop, big band, soul jazz, hard bop, jazz, jazz saxophone, cool jazz, stride",False,41,0.486,0.0295,10,-21.988,0,0.0404,0.984,0.911,0.066,0.261,132.321,4,spotify:track:151RegbPut96kOvkSiPqLb,Jazz
150,Blue Romance,Chris Memento,Blue Romance,242000,2021-01-01,,False,55,0.278,0.0589,2,-20.456,0,0.033,0.909,0.00899,0.348,0.189,78.101,3,spotify:track:7AL3evf6T03lEluSTET854,Jazz
151,Lonely Woman - Remastered 1999/Rudy Van Gelder Edition,Horace Silver,Song For My Father,422933,1999-01-01,"vocal jazz, jazz fusion, bebop, big band, jazz piano, soul jazz, hard bop, jazz funk, jazz, cool jazz",False,46,0.522,0.14,6,-15.774,1,0.0444,0.988,0.898,0.126,0.131,105.36,4,spotify:track:23VGdNEZzKVCpIazC3ZHK6,Jazz
152,Désespérés,Vernon Sanders,Désespérés,221625,2020-11-20,background jazz,False,55,0.344,0.0562,8,-20.749,1,0.0323,0.987,0.838,0.135,0.172,88.171,4,spotify:track:1dGXWUU6oRMfyAJzX96C7i,Jazz
153,Älvan,Robert Elovsson,Älvan,202375,2020-01-31,background jazz,False,51,0.326,0.0882,11,-25.202,0,0.058,0.991,0.922,0.107,0.229,205.083,3,spotify:track:2hgywy8NJicnetQ0IQBeaE,Jazz
154,Everything Happens To Me,Gerry Mulligan,Presenting The Gerry Mulligan Sextet,323373,1955-01-01,"vocal jazz, bebop, swing, big band, soul jazz, hard bop, jazz, jazz saxophone, cool jazz",False,48,0.63,0.0665,5,-17.453,1,0.0725,0.958,0.771,0.222,0.27,64.162,4,spotify:track:2m8vNmDGz5GCGLxJfWIsJI,Jazz
155,"Yours, Truly",Will Mays,"Yours, Truly",285948,2021-04-20,,False,49,0.314,0.186,3,-16.676,1,0.0358,0.982,0.987,0.208,0.167,110.765,4,spotify:track:5s5YJsqLpyokhb8gLRoYWr,Jazz
156,Alone And I - Remastered,Herbie Hancock,Takin' Off (Expanded Edition),389773,1962-05-28,"contemporary post-bop, jazz fusion, jazz piano, funk, instrumental funk, jazz funk, jazz, cool jazz",False,44,0.409,0.0681,6,-17.935,0,0.0334,0.98,0.948,0.0971,0.0577,101.784,4,spotify:track:4IXZjNVYILadTUH7AaF32o,Jazz
157,A Time For Love,Mandevilla,On A Misty Night,308187,2020-10-16,background jazz,False,59,0.413,0.216,7,-18.276,0,0.0323,0.972,0.933,0.366,0.12,121.925,4,spotify:track:1lj6MFAyOG9mlwmp0EkBAF,Jazz
158,My Ideal,Tate Jackson Trio,My Ideal,230928,2021-01-07,background jazz,False,44,0.384,0.0808,5,-22.34,0,0.0384,0.921,0.912,0.224,0.111,111.208,4,spotify:track:7GnMpHjVWHC5W87OifzPX6,Jazz
159,Lost in Orbit,Dan Evans-Parker,Lost in Orbit,153785,2020-05-21,background jazz,False,59,0.28,0.0656,7,-21.513,0,0.0325,0.552,0.54,0.115,0.148,88.03,4,spotify:track:7ijPIncR5k622S2j28ktCr,Jazz
160,Postcards,Greydon Park Band,Postcards,185459,2020-10-02,background jazz,False,58,0.431,0.0434,11,-22.086,1,0.031,0.934,0.253,0.112,0.0753,94.182,4,spotify:track:1IxO95D87hSIyA20XTLCiU,Jazz
161,Peace,Winter Jazz Trio,Peace,205279,2021-02-08,background jazz,False,46,0.511,0.19,2,-15.757,0,0.0332,0.957,0.737,0.189,0.113,97.135,4,spotify:track:2XbzKkjwyO7nVUThZSudGv,Jazz
162,Laura,Scott Hamilton,Scott Hamilton Plays Ballads,290067,1989-01-01,"vocal jazz, adult standards, jazz, jazz saxophone, cool jazz",False,34,0.392,0.0703,7,-20.932,1,0.0478,0.96,0.764,0.104,0.228,78.284,3,spotify:track:6nXrnq0lJpbowo1P84J2t7,Jazz
163,Love Is a Many-Splendored Thing,Louis Silva Band,Pretty Ballad,163379,2020-06-03,background jazz,False,55,0.429,0.13,0,-15.57,0,0.0319,0.934,0.94,0.124,0.189,85.193,4,spotify:track:23G8P94lKwgXNAKH2z5VP8,Jazz
164,My Funny Valentine,J.J. Johnson,Proof Positive,182960,1964-01-01,"bebop, soul jazz, hard bop, jazz, cool jazz, jazz trombone, jazz brass",False,34,0.391,0.0074,8,-26.528,1,0.0565,0.991,0.906,0.0962,0.361,60.667,4,spotify:track:4hCbA5XOPwCzNvUWKztpD9,Jazz
165,desire strongly,Brandon's Three,desire strongly,179800,2021-03-12,background jazz,False,54,0.465,0.0485,9,-23.546,0,0.0401,0.962,0.942,0.103,0.154,97.369,4,spotify:track:1DpXesx1rkB5AA2sA55uAs,Jazz
166,Am I Blue,Jiggs Whigham,Values,287089,2016-08-26,"jazz trombone, jazz brass",False,32,0.36,0.023,4,-21.858,0,0.0373,0.971,0.889,0.111,0.152,174.37,3,spotify:track:2H9sFbaD7lixr8KrsXdiLh,Jazz
167,In a Sentimental Mood,The Uptown Players,In a Sentimental Mood,274403,2021-02-12,background jazz,False,48,0.546,0.095,2,-21.524,0,0.0356,0.831,0.711,0.119,0.195,116.071,4,spotify:track:7JNNtslGExM27L7sCMzQiS,Jazz
168,"I Loves You, Porgy",Ryan Turtle Trio,"I Loves You, Porgy",177261,2021-01-18,,False,48,0.387,0.169,9,-16.769,0,0.0353,0.95,0.864,0.0967,0.189,95.746,4,spotify:track:1p6wxI8LwDcO67o5kS3X2v,Jazz
169,Here´s That Rainy Day,Long Island Quartet,Born in July,234083,2020-08-28,background jazz,False,52,0.383,0.111,5,-16.779,0,0.0365,0.947,0.078,0.0898,0.285,100.872,4,spotify:track:2bd8JjaPL4XrbgGyWPqFms,Jazz
170,These Foolish Things (Remind Me of You),Brad Mehldau Trio,Blues and Ballads,360707,2016-06-03,"jazz fusion, modern jazz trio, jazz trio, jazz, cool jazz, contemporary jazz",False,45,0.44,0.128,3,-17.651,1,0.0425,0.951,0.933,0.1,0.179,81.028,4,spotify:track:59VHmPVQP4XPbOeiiIwqG6,Jazz
171,Stop Look Desire,Ellie & The Bunch,Stop Look Desire,187902,2017-03-18,,False,41,0.705,0.119,11,-19.08,1,0.0384,0.912,0.917,0.119,0.439,93.676,4,spotify:track:1Tkj4AH4GndygWAUMJOMa2,Jazz
172,Velvet,"Claus Waidtløw, Nikolaj Hess, Portraits in Jazz",Velvet,272585,2021-01-15,"background jazz, danish modern jazz",False,43,0.305,0.161,5,-17.145,1,0.0285,0.956,0.65,0.1,0.168,88.821,3,spotify:track:368cbpZzyCxc564UhTULxA,Jazz
173,Solitude,The Uptown Players,Solitude,150598,2021-05-21,,False,0,0.427,0.0841,5,-20.033,0,0.0319,0.973,0.962,0.0995,0.159,105.973,4,spotify:track:3UeNIqq0ujRBtJOrqxJcMj,Jazz
174,Late Night Walk,Henry Lindon,Late Night Walk,227499,2019-11-26,background jazz,False,52,0.413,0.17,3,-21.032,1,0.0341,0.979,0.896,0.101,0.125,122.531,3,spotify:track:2uSdRkfWEUU7kE9sDceU70,Jazz
175,Soft Like Rain,Anita Rosswell,Soft Like Rain,168565,2020-10-02,background jazz,False,62,0.448,0.0556,0,-19.131,1,0.0422,0.907,0.658,0.106,0.296,91.24,4,spotify:track:1kA2atXO3zrz1L5uEZpVcB,Jazz
176,Eternity,Greydon Park Band,Eternity,218141,2020-09-18,background jazz,False,60,0.521,0.0568,10,-18.52,0,0.0313,0.952,0.229,0.104,0.0685,80.391,4,spotify:track:3AxL4mOBBcz5vse4V7o7es,Jazz
177,"Fin De L'Affaire - Rudy Van Gelder Edition, 2008 Digital Remaster",Hank Mobley,Hank Mobley Quintet (Remastered),399573,2008-01-01,"jazz fusion, bebop, big band, soul jazz, hard bop, jazz funk, jazz, jazz saxophone, cool jazz",False,41,0.56,0.144,5,-13.844,0,0.043,0.922,0.122,0.104,0.328,121.347,4,spotify:track:3waqKUvxlNkmw3MCIDDMVl,Jazz
178,Hush,Dan Evans-Parker,Hush,226959,2020-05-15,background jazz,False,55,0.352,0.0235,8,-19.128,0,0.0348,0.945,0.781,0.115,0.119,89.874,4,spotify:track:1DaqNS1d8PFJ3SmYl1lb0y,Jazz
179,Pretty Ballad,Louis Silva Band,Pretty Ballad,206855,2020-06-03,background jazz,False,53,0.422,0.174,2,-15.427,1,0.0378,0.936,0.929,0.367,0.0858,95.089,4,spotify:track:4T82mssmK8VpyjB6QVMlcI,Jazz
180,Fading Love,Burt Mitchell,Fading Love,280750,2020-11-06,background jazz,False,55,0.353,0.0717,5,-21.734,1,0.0318,0.967,0.566,0.116,0.204,107.59,4,spotify:track:5xEOUPnUkpErHaxHi2D1tr,Jazz
181,Lucy,"Dave Sereny, Bob James",Take This Ride,200693,2007-09-01,"smooth jazz, jazz fusion, jazz piano, jazz funk, deep smooth jazz",False,46,0.719,0.62,5,-6.796,0,0.0319,0.342,0.435,0.105,0.588,89.994,4,spotify:track:51WHHNT2v0XYUAWoBGeMdx,Jazz
182,Chasing the Dream,"Tony Saunders, Nils, Jeff Ryan",Sexy Somethin,274653,2020-02-21,"smooth jazz, smooth saxophone, deep smooth jazz",False,47,0.711,0.593,0,-9.471,0,0.0287,0.515,0.885,0.358,0.543,108.012,4,spotify:track:7DoHYeSKTtlvvu0bjybY2f,Jazz
183,11:58,Candy Dulfer,Candy Store,242000,2007-09-18,smooth jazz,False,42,0.798,0.522,2,-7.341,0,0.0318,0.174,0.811,0.121,0.309,89.993,4,spotify:track:2vxubkwtKQ2Sn4FU47ygii,Jazz
184,I Remember You,Ronny Jordan,After 8,252333,2004-11-02,"smooth jazz, jazz funk",False,50,0.635,0.315,8,-13.359,1,0.0281,0.9,0.803,0.326,0.149,131.806,4,spotify:track:6iCsFk2zf1INRexhJQzRM0,Jazz
185,Listen to This,Lisa Addeo,Listen to This,253577,2019-09-27,,False,48,0.767,0.705,5,-6.233,0,0.0508,0.402,0.145,0.0501,0.728,81.974,4,spotify:track:6kXk5A2Ea0NtN4H9xVvSc0,Jazz
186,Mr Kool,"Jim Richter, Chris Otts, Jack Jones, John Rathbone, Michael Cornett",Mr. Kool,269107,2020-02-21,,False,45,0.63,0.681,2,-6.552,0,0.0241,0.237,0.0634,0.0636,0.702,96.084,4,spotify:track:5svERXp8eoh8MydumgnC0J,Jazz
187,Sweetest Somebody I Know,Nelson Rangell,Blue,407640,2015-02-01,"smooth jazz, smooth saxophone",False,46,0.66,0.684,8,-6.805,0,0.0835,0.174,0.735,0.0249,0.733,86.031,4,spotify:track:5eB67ISqWfSnL5JJ9nd9kK,Jazz
188,Chill AF,Vandell Andrew,30,245990,2018-04-17,"smooth jazz, smooth saxophone",False,48,0.615,0.817,0,-7.147,0,0.103,0.57,0.589,0.17,0.553,80.223,4,spotify:track:7wsOL6S0gabDU2OW95qlSq,Jazz
189,The B Spot,"Byron Miller, Walter Beasley",The Gift Psychobass2,299627,2018-06-01,"smooth jazz, smooth saxophone, jazz saxophone",False,46,0.705,0.502,2,-10.847,0,0.0313,0.545,0.106,0.267,0.38,91.991,4,spotify:track:1sReMaCozvIHbnIlLF1GSx,Jazz
190,Open Skies,Gary Metz,Open Skies,212613,2018-12-01,,False,49,0.587,0.42,1,-8.598,1,0.0281,0.72,0.469,0.113,0.371,61.954,4,spotify:track:0uuGRLt4ZeRI4JLIDw4oEo,Jazz
191,Bluewave Bossanova,Lawson Rollins,True North,264453,2020-01-17,rumba,False,52,0.708,0.892,6,-4.401,0,0.0296,0.715,0.909,0.112,0.746,125.028,4,spotify:track:2QOqnhCrTIqTLzByQD7YQJ,Jazz
192,Tried and True,"Dee Lucas, David P Stevens",The Time Is Now,226221,2020-09-18,"smooth jazz, deep smooth jazz",False,35,0.752,0.792,0,-3.7,1,0.0274,0.123,0.532,0.31,0.844,100.012,4,spotify:track:2vqG2hLwzZQhTQ3sNs8QY5,Jazz
193,Expedition,Skinny Hightower,Cloud Nine,270943,2016-05-17,smooth jazz,False,44,0.546,0.914,6,-4.772,0,0.0786,0.449,0.00661,0.115,0.929,93.513,4,spotify:track:0JsCPV8jpWK7lqUtgToOPr,Jazz
194,Sliver Moon,Dwight Sills,Easy,313423,2003-06-24,,False,44,0.607,0.388,1,-15.258,0,0.0366,0.7,0.872,0.11,0.564,156.207,4,spotify:track:4IXhfpRsjaIocu1YOXSVpF,Jazz
195,Spray Bay,Jeremy Sean Hector,Ascension,287400,2019-04-26,,False,46,0.508,0.8,0,-7.983,1,0.0307,0.733,0.854,0.352,0.702,167.783,4,spotify:track:3KHLV5FTalpbnNmmznJcVk,Jazz
196,Out of the Blue,Chris Standring,Real Life,358213,2020-03-20,smooth jazz,False,52,0.682,0.523,8,-8.955,1,0.0348,0.352,0.754,0.884,0.655,95.986,4,spotify:track:5pQQjMOsR4HjuO94AEXTqX,Jazz
197,Exhale,Cindy Bradley,The Little Things,314575,2019-05-31,"jazz trumpet, smooth jazz",False,40,0.638,0.489,6,-10.288,1,0.0391,0.892,0.919,0.203,0.476,82.01,4,spotify:track:1xLU1zCbjo9HAoutmWsHlK,Jazz
198,Perfect Sunday,"Carol Albert, Paul Brown",Stronger Now,243367,2020-01-31,smooth jazz,False,54,0.621,0.65,3,-9.925,1,0.0541,0.601,0.925,0.325,0.433,168.069,4,spotify:track:3y9l6PAbOOGYBH1AY4XaTO,Jazz
199,Black Dynamite,"Julian Vaughn, Donald Hayes",Supreme,271550,2019-06-28,smooth jazz,False,38,0.649,0.68,0,-7.929,1,0.0759,0.497,0.102,0.0877,0.671,77.958,4,spotify:track:0Of0fM7dwXt3xQfQ0GKVpu,Jazz
200,Low and Slow,Boney James,Honestly,248627,2017-09-01,"smooth jazz, smooth saxophone",False,40,0.725,0.507,5,-11.025,0,0.0363,0.779,0.816,0.108,0.886,76.002,4,spotify:track:04fVzUHhEBwEHOOtWeKEUA,Jazz
201,Into The Night,Urban Jazz Coalition,A New Day,279187,2008-08-26,"smooth jazz, deep smooth jazz",False,46,0.612,0.583,9,-8.694,0,0.035,0.26,0.757,0.126,0.69,87.55,4,spotify:track:1s769CVjgzGrBA4Aq6svfU,Jazz
202,Thicker Than Water,Brian Bromberg,Thicker Than Water,392375,2018-07-13,"smooth jazz, jazz funk, electric bass, jazz fusion",False,43,0.63,0.691,7,-9.4,1,0.0543,0.154,0.241,0.112,0.83,77.976,3,spotify:track:3bMFWi8ICm7xEAHtamhTUs,Jazz
203,Think of You,Brendan Rothwell,Sentiment,240173,2019-02-14,smooth jazz,False,50,0.658,0.326,10,-12.786,0,0.0409,0.638,0.825,0.13,0.284,87.991,4,spotify:track:73p8Mzp41RUDQtbe52JWHu,Jazz
204,Stronger Now,Carol Albert,Stronger Now,223197,2020-01-31,,False,47,0.59,0.455,2,-11.335,1,0.0277,0.218,0.907,0.217,0.435,139.994,4,spotify:track:1ldNcaMyLRYnRgYORskmlX,Jazz
205,Brazz Street,Rick Braun,Crossroads,282547,2019-08-16,"jazz trumpet, smooth jazz",False,0,0.762,0.552,2,-8.484,1,0.0593,0.627,0.532,0.139,0.468,100.037,4,spotify:track:5zicMKlbOqwkKr3iCuVJnS,Jazz
206,Embrace ​,Jeff Ryan,Embrace,282533,2018-07-13,smooth saxophone,False,48,0.523,0.619,8,-6.097,1,0.0267,0.252,0.791,0.172,0.336,80.013,4,spotify:track:1ZXt69SBkxQXPiVuMJ7RhH,Jazz
207,Driftin',Earl Klugh,The Spice Of Life,228427,2008-04-29,"smooth jazz, jazz funk, jazz guitar",False,0,0.843,0.325,0,-14.602,1,0.0469,0.717,0.877,0.106,0.883,104.991,4,spotify:track:1HvNKIGfKzR5I26EuLXDwv,Jazz
208,His Coolness,Alex Bugnon,As Promised,324133,2000-01-01,smooth jazz,False,47,0.743,0.428,4,-11.526,0,0.0307,0.244,0.754,0.0829,0.904,90.234,4,spotify:track:3EQ5NnNUxhE9oRnRk4HPuL,Jazz
209,Seventh Heaven (feat. Jeff Golub),Avenue Blue (Featuring Jeff Golub),Nightlife,310280,1997-01-01,,False,52,0.641,0.625,5,-11.644,1,0.0371,0.68,0.927,0.202,0.604,91.917,4,spotify:track:2ZZ6st5XTa8wDNqsE1bHa7,Jazz
210,Static in the Attic,Chris Standring,Sunlight,289581,2018-03-23,smooth jazz,False,45,0.81,0.613,11,-9.06,1,0.0512,0.128,0.828,0.378,0.722,105.027,4,spotify:track:69cpqIccenZsg4tO3lYgrK,Jazz
211,JJ's Strut (Radio Single),Ragan Whiteside,JJ's Strut (Radio Single),251702,2020-07-08,smooth jazz,False,49,0.637,0.59,1,-9.898,1,0.105,0.0321,0.0101,0.113,0.675,100.015,4,spotify:track:7m0H1Tri64Gs7ndu2giQXI,Jazz
212,Happy Go Lucky,Paul Hardcastle,Paul Hardcastle 8,254000,2018-09-19,smooth jazz,False,43,0.643,0.59,4,-13.685,0,0.0348,0.54,0.835,0.113,0.863,99.989,4,spotify:track:1qgmJ4zIuP3PX0M5Exdv98,Jazz
213,Revolving Door,Joyce Cooling,Revolving Door,347013,2006-01-01,"smooth jazz, jazz funk, jazz guitar",False,52,0.754,0.595,5,-8.141,1,0.0357,0.271,0.883,0.0674,0.711,105.012,3,spotify:track:7v6XfSM2XpK6KEVyn4Ud73,Jazz
214,Close Your Eyes,Steve Laury,Keepin' the Faith,305227,1993-01-01,"smooth jazz, deep smooth jazz",False,0,0.694,0.466,7,-15.447,1,0.0432,0.337,0.705,0.298,0.5,93.042,4,spotify:track:4d12NDxv7ol5lMJemDsWXJ,Jazz
215,Consequences,Marion Meadows,Soul City,236723,2018-02-16,"smooth jazz, smooth saxophone",False,0,0.751,0.486,11,-8.161,0,0.0816,0.475,0.108,0.341,0.371,90.007,4,spotify:track:6yLOYaqyHjHBiAIGwEj1Xt,Jazz
216,Long Road,Steve Oliver,Global Kiss,261867,2010-03-30,smooth jazz,False,49,0.396,0.562,4,-8.736,0,0.0365,0.124,0.926,0.109,0.294,81.49,4,spotify:track:7EIASGWhdchNEwPYB3E1Nm,Jazz
217,Outside In,Craig Sharmat,Outside In,260320,2011-01-04,smooth jazz,False,0,0.687,0.698,2,-6.672,1,0.0286,0.298,0.197,0.0437,0.753,91.957,4,spotify:track:3CPHNSS3twGZ8mXgzu5vn7,Jazz
218,Can't Stop,"Adam Hawley, Marcus Anderson",Escape,280280,2020-02-28,"smooth jazz, deep smooth jazz, instrumental funk",False,46,0.678,0.802,1,-2.754,1,0.0376,0.25,0.000247,0.0712,0.816,85.982,4,spotify:track:2vBjecyzspx6GsoL3FU6mF,Jazz
219,Stockholm Summer,Cindy Bradley,The Little Things,295157,2019-05-31,"jazz trumpet, smooth jazz",False,45,0.711,0.476,11,-9.448,0,0.0358,0.802,0.742,0.105,0.382,102.925,4,spotify:track:1Cg4LsGDv3saOFNXdeLHyq,Jazz
220,It's On Now,"Willie Bradley, Ragan Whiteside",It's On Now,227752,2020-04-24,smooth jazz,False,0,0.709,0.763,5,-5.469,0,0.0358,0.343,0.224,0.0501,0.908,106.143,4,spotify:track:7qXLWmM1TzvksNaXOpjkB5,Jazz
221,Cruising,Mezzoforte,Forward Motion,338893,2007-03-13,"smooth jazz, jazz fusion, modern funk, icelandic jazz, jazz funk",False,0,0.672,0.445,7,-11.448,1,0.0346,0.662,0.805,0.107,0.718,88.964,4,spotify:track:7C90grbsFHtsmGac0clKhm,Jazz
222,Undun,Steve Cole,Moonlight,293533,2011-02-01,"smooth jazz, smooth saxophone",False,49,0.68,0.416,3,-8.282,0,0.032,0.824,0.864,0.0787,0.481,115.963,4,spotify:track:1jMPe92ML6hOCBJLssrUSh,Jazz
223,Soleh,"Gail Jhonson, usj2p0800041, Norman Brown",Pearls,223853,2008-04-30,"smooth jazz, deep smooth jazz",False,36,0.664,0.559,0,-10.382,1,0.0278,0.56,0.867,0.105,0.704,92.006,4,spotify:track:56YE4O9RrVQa1JNy0ytneB,Jazz
224,Shine,Jarez,J Funk City,248765,2020-03-08,smooth saxophone,False,45,0.655,0.761,5,-5.212,0,0.0515,0.133,0.0533,0.264,0.742,94.027,4,spotify:track:50yHsbUVQzuEy22CxpFutn,Jazz
225,Cecil's Groove,Dr. Dave & The HouseCall Band,Midnight Daydream,261267,2018-04-12,,False,44,0.712,0.389,5,-14.63,1,0.0398,0.731,0.86,0.0758,0.7,90.004,4,spotify:track:5KjmJJokL09RvKLfVQvDRc,Jazz
226,Soulfully,Ryan Montano,Soulfully,250000,2020-05-25,,False,48,0.696,0.844,4,-7.202,0,0.0258,0.506,0.935,0.127,0.675,105.03,4,spotify:track:6QIv6nsWBk84KgNbN618O8,Jazz
227,10. Soul Dream,Tim Bowman,Tim Bowman,302815,2008-09-30,smooth jazz,False,37,0.63,0.594,6,-7.705,1,0.0417,0.359,0.734,0.0593,0.799,170.034,4,spotify:track:3WBkCYUDJB6dwixiOP6kPD,Jazz
228,Charlemagne,Brian Tarquin,Smooth Operators: Great Smooth Jazz Moments,228573,2002-01-01,smooth jazz,False,0,0.63,0.598,5,-9.413,1,0.0303,0.0524,0.348,0.0707,0.437,93.981,4,spotify:track:7IoguPlcKyVkf9t0nUE5YV,Jazz
229,Fired Up,"Brian Simpson, Steve Oliver",Unified,262640,2020-01-17,smooth jazz,False,39,0.81,0.639,7,-9.925,0,0.035,0.575,0.8,0.0989,0.871,102.001,4,spotify:track:3vkk18EK3VoKePPFGUQhcH,Jazz
230,Blues for Jeff,Paul Brown,Uptown Blues,223474,2018-08-31,smooth jazz,False,48,0.762,0.572,10,-7.744,0,0.0403,0.44,0.593,0.0731,0.688,96.622,4,spotify:track:4Euzf13sMD4iGIMmYxdrlW,Jazz
231,There Is a Tavern in the Town,The Dixieland All Stars,Dixieland Jubilee,227520,2019-01-11,,False,15,0.614,0.302,0,-15.694,1,0.0382,0.923,0.155,0.0271,0.962,100.17,4,spotify:track:2p5CwEAle0quZEownXxEu1,Jazz
232,By and By,Turk Murphy,Favorites,180067,1986-01-01,"dixieland, jazz trombone, new orleans jazz",False,20,0.795,0.465,5,-13.903,1,0.0507,0.893,0.909,0.155,0.936,98.894,4,spotify:track:3nUCDAcUrRYHaBLHTZeQsb,Jazz
233,Royal Garden Blues,The Dukes Of Dixieland,The Dukes At Disneyland,362973,1963-11-26,"dixieland, ragtime, new orleans jazz",False,17,0.652,0.471,7,-13.926,0,0.044,0.823,0.538,0.781,0.849,117.278,4,spotify:track:3T5CDmw4zbEgt6hEzRqpxR,Jazz
234,Roses of Picardy,"George Girard, Stanley Mendelson, Johnny Senac, Abbie Brunies, Raymond Burke, Jack Delaney",George Girard's Band,179573,2007-01-01,"new orleans jazz, jazz trumpet",False,17,0.468,0.558,10,-7.355,1,0.0411,0.916,0.521,0.131,0.903,176.422,4,spotify:track:2eksoro6WHBtJzAO4HdXar,Jazz
235,Algiers Strut,"French Preservation New Orleans Jazz Band, John Royen, Kjeld Brandt, Jean-Pierre Alessi, Alain Martin, Frederic Espinoux, Henry Lemaire, Guillaume Gerdil, Herlin McFly","New Orleans to Lyon, Vol. 1",440307,2005-06-06,,False,16,0.395,0.488,2,-9.537,0,0.112,0.828,0.868,0.694,0.783,196.295,4,spotify:track:3kU40vSWnxsZguL1mdJ4Zx,Jazz
236,Black Bottom Stomp - 2002 Remastered,Jelly Roll Morton,Jazz King Of New Orleans,192427,2002-03-05,"dixieland, vintage jazz, new orleans blues, ragtime, swing, big band, jazz piano, harlem renaissance, louisiana blues, new orleans jazz, stride",False,33,0.604,0.481,0,-12.892,0,0.0566,0.805,0.816,0.335,0.838,128.792,4,spotify:track:1aSEXfmjaaCigbzLLtZlAm,Jazz
237,Struttin' with Some Barbecue - 78 rpm Version,Louis Armstrong & His Hot Five,The Complete Hot Five And Hot Seven Recordings Volume 2,183960,1926-01-01,"new orleans jazz, stride",False,21,0.74,0.319,8,-8.707,1,0.119,0.931,0.869,0.0507,0.89,95.699,4,spotify:track:43QRJNdGe4GaO0ucHHQnmS,Jazz
238,Weary Blues,Sidney Bechet's Blue Note Jazzmen,Triple Best Of,173133,2009-01-01,,False,19,0.47,0.427,3,-10.73,1,0.0651,0.766,0.583,0.0819,0.968,190.936,4,spotify:track:5JIgEWZSaNihYemgrgahUQ,Jazz
239,Dippermouth Blues,Kid Ory,"Sounds Of New Orleans, Vol. 2",158947,2008-05-26,"vintage jazz, swing, big band, new orleans jazz, jazz trombone, stride",False,15,0.62,0.63,10,-8.315,0,0.16,0.367,0.729,0.321,0.932,119.873,4,spotify:track:0OR6wvvgo0MXjlxsNrgmb7,Jazz
240,Oh Dem Golden Slippers,"Big Bill Bissonnette, Fred Vigorito, Ron Going, Jerry Zigmont, Bill Sinclair, Emil Mark, Arnie Hyman","Jam Session in Connecticut, Vol. 1",316187,2003-05-05,"new orleans jazz, jazz trombone",False,16,0.518,0.49,9,-13.372,1,0.0582,0.813,0.685,0.106,0.953,183.924,4,spotify:track:0vnAC7cwUAHOc1a0ePHku2,Jazz
241,It's Tight Like That,"Jimmy McPartland, Gil Rodin, Larry Binyon, Vic Briedis, Dick Morgan, Jack Teagarden, Ray Bauduc, Harry Goodman, Benny Goodman, Jimmy Bracken's Toe Ticklers",Ken Burns Jazz-Benny Goodman,168760,1928-01-01,"jazz clarinet, vintage jazz, lounge, vocal jazz, swing, big band, adult standards, jazz, new orleans jazz, jazz trombone, stride",False,20,0.621,0.464,7,-11.3,1,0.143,0.992,0.734,0.103,0.927,199.693,3,spotify:track:0t16VNebyMXzZUKqDjnmWK,Jazz
242,Maple Leaf Rag,Sidney Bechet and his New Orleans Feetwarmers,The Essential Sidney Bechet,173653,2014-03-07,harlem renaissance,False,23,0.565,0.617,3,-11.492,1,0.153,0.488,0.927,0.126,0.891,135.913,4,spotify:track:5PvZnmisDEydYlU9x3bcsf,Jazz
243,While We Danced at Mardi Gras,Sharkey Bonano,Mardi Gras Parade Music from New Orleans,285140,1992-01-01,"dixieland, new orleans jazz",False,14,0.468,0.472,0,-9.461,1,0.0513,0.777,0.0266,0.115,0.922,186.357,4,spotify:track:3lpUzWKVWykt3fDIPp7P9d,Jazz
244,Tin Roof Blues,Sidney Bechet,Runnin' Wild,178960,1998-01-01,"jazz clarinet, dixieland, vocal jazz, new orleans jazz, big band, swing, jazz, cool jazz, stride",False,26,0.507,0.336,10,-12.87,1,0.0503,0.809,0.939,0.463,0.732,82.785,4,spotify:track:0BmQMebBEQYcboEyyz9slj,Jazz
245,I Wish I Could Shimmy Like My Sister Kate,Muggsy Spanier,1939-1944,175600,1997-01-01,"dixieland, vintage jazz, swing, big band, jazz trumpet, new orleans jazz, stride",False,32,0.688,0.44,5,-11.542,0,0.125,0.796,0.527,0.315,0.931,153.597,4,spotify:track:0UmWAlvkmfqaHdAYPfNlFX,Jazz
246,Old Time Religion,Papa Celestin,Marie Laveau,199551,1994-01-01,"new orleans jazz, jazz trumpet",False,16,0.454,0.62,4,-10.209,1,0.0626,0.923,4.55e-05,0.653,0.882,203.591,4,spotify:track:1plVFdbU55lutOgsvH9Wir,Jazz
247,Thunder & Blazes,The Dukes Of Dixieland,"More Best of the Dukes of Dixieland, Vol. 2",135275,1962-01-28,"dixieland, ragtime, new orleans jazz",False,15,0.593,0.427,10,-9.586,1,0.0435,0.824,0.729,0.311,0.884,122.547,4,spotify:track:79vlFseFpY0B9LALIfv9Nr,Jazz
248,Savoy Blues,Kid Ory's Creole Jazz Band,Kid Ory New Orleans Jazz Man,183600,2007-11-19,dixieland,False,23,0.701,0.446,7,-9.437,0,0.0694,0.901,0.878,0.0624,0.785,126.098,4,spotify:track:39ymSz3zpOv4ucyFbhEheL,Jazz
249,Doctor Jazz,Jelly Roll Morton,Doctor Jazz,208267,1994-01-01,"dixieland, vintage jazz, new orleans blues, ragtime, swing, big band, jazz piano, harlem renaissance, louisiana blues, new orleans jazz, stride",False,33,0.494,0.409,8,-10.499,0,0.0876,0.981,0.653,0.0965,0.917,200.354,4,spotify:track:5LHzQRQpnxXeKMn3pmusSK,Jazz
250,Clarinete Marmelade,Black Bottom Stompers,30 Jahre Black Bottom Stompers,242733,1989-01-01,,False,15,0.639,0.409,5,-12.64,1,0.051,0.931,0.898,0.211,0.962,131.485,4,spotify:track:5DM8ancodZVJhxloNqEqUh,Jazz
251,Bugle Boy March,Paul Barbarin & His New Orleans Jazz Band,Paul Barbarin & His New Orleans Jazz Band,315600,1954-01-01,,False,14,0.414,0.553,10,-11.002,1,0.0452,0.64,0.633,0.103,0.904,188.699,4,spotify:track:3fbvU3HoMviq8NaxeL6lA2,Jazz
252,Second Line,New Orleans Heritage Hall Jazz Band,New Orleans Heritage Hall Jazz Band,362267,1973-01-01,"new orleans jazz, brass band",False,20,0.441,0.447,7,-6.909,0,0.0325,0.584,0.00265,0.0408,0.539,94.304,4,spotify:track:63JfF4YrOCAcIeDTLa1TTa,Jazz
253,Tiger Rag,Original Dixieland Jazz Band,1917-36,166893,1992-01-01,"dixieland, vintage jazz, ragtime, swing, big band, new orleans jazz",False,29,0.708,0.516,5,-10.022,0,0.247,0.942,0.919,0.053,0.884,128.535,4,spotify:track:4lpABAEz6pviy9jbCRyEhU,Jazz
254,Sensation Rag,"Pete Fountain, Tony Almerico's All-Stars",Pete Fountain 1955-1957,241027,2015-03-17,"dixieland, jazz clarinet, new orleans jazz",False,20,0.611,0.593,3,-11.125,1,0.0435,0.577,0.816,0.275,0.959,113.633,4,spotify:track:63XsvMKaZGmcWMwlQUYpBC,Jazz
255,New Orleans Shout,Bourbon Street Jazzband,New Orleans-Mississippi-Dixieland Festival,173320,1998-01-01,,False,0,0.589,0.269,10,-15.744,1,0.143,0.89,0.739,0.0416,0.897,194.84,4,spotify:track:2YenaygbL5I0ARYgRkaFtj,Jazz
256,Frankie & Johnny,Wilbur De Paris,That's A Plenty,227027,1958-01-01,"dixieland, jazz trombone, new orleans jazz",False,21,0.432,0.628,1,-12.959,1,0.0747,0.772,0.474,0.347,0.684,153.148,4,spotify:track:7iYvxt7QPOdaH4TQ0IIVx2,Jazz
257,Wolverine Blues,The Dukes Of Dixieland,The Best Of The Dukes Of Dixieland (Formerly Titled : The Dukes Of Disneyland),389631,1963-01-01,"dixieland, ragtime, new orleans jazz",False,19,0.479,0.558,8,-14.183,0,0.0925,0.776,0.000936,0.916,0.806,126.085,4,spotify:track:37VAo2JMwa5ZC1S8ePWt76,Jazz
258,"I'm Gonna Stomp, Mr. Henry Lee",Eddie Condon,Eddie Condon,217533,1995-01-01,"dixieland, vintage jazz, swing, big band, new orleans jazz, stride",False,0,0.694,0.359,1,-14.215,1,0.184,0.985,0.337,0.206,0.782,99.163,4,spotify:track:7h2QMRQZbt7VtcHh3VLT1X,Jazz
259,Stock Yards Strut,Freddie Keppard,The Complete Set - 1923-1926,153507,1999-01-01,"new orleans jazz, jazz trumpet",False,15,0.767,0.49,3,-11.998,1,0.0582,0.995,0.923,0.271,0.966,108.613,4,spotify:track:5O7xHPPhdMtwEsOpn1cvu7,Jazz
260,We're Gonna Have Smooth Sailing,"Henry ""Red"" Allen","The Incomparable Henry Red Allen: The Golden Years, Vol. 2",170867,2019-03-29,"vintage jazz, swing, big band, jazz trumpet, new orleans jazz, stride",False,17,0.719,0.478,0,-10.211,1,0.13,0.953,0.722,0.0345,0.919,138.359,4,spotify:track:0O29WH3EatP3WEihCKufHa,Jazz
261,Original Dixieland One Step,Kid Ory,Sounds Of New Orleans Vol. 9,335280,1990-01-01,"vintage jazz, swing, big band, new orleans jazz, jazz trombone, stride",False,19,0.68,0.639,0,-10.078,0,0.069,0.392,0.574,0.715,0.817,114.948,4,spotify:track:3XznXMnnySIGCKSs6wktIA,Jazz
262,Nobody's Sweetheart,"Frank Teschemacher feat. McKenzie and Condons Chicagoans, Frank Teschemacher, McKenzie and Condon's Chicagoans","Jazz Chronicles: Frank Teschemacher, Vol. 1",182907,2014-06-01,jazz clarinet,False,13,0.774,0.647,1,-10.028,1,0.049,0.927,0.874,0.111,0.838,111.603,4,spotify:track:67OgTF92JaK5nJfLFqLEEu,Jazz
263,Carry Me Back to Old Virginia,Al Hirt,30 Classics: Dixieland Jazz for Mardi Gras,232490,2012-01-27,"dixieland, adult standards, easy listening, space age pop, jazz trumpet, new orleans jazz, lounge",False,16,0.596,0.628,3,-12.139,1,0.0366,0.372,0.00175,0.57,0.945,106.632,4,spotify:track:2BrcPZPjjLBS9y04floMD5,Jazz
264,Milenberg Joys,Firehouse Five Plus Two,Goes South!,220541,2010-08-31,"new orleans jazz, ragtime",False,18,0.786,0.529,10,-14.129,1,0.0361,0.792,0.941,0.155,0.972,115.305,4,spotify:track:0XVHUN98T5As7UgtEM4bQG,Jazz
265,The Billboard,The Dukes Of Dixieland,On Parade,136715,1967-01-16,"dixieland, ragtime, new orleans jazz",False,16,0.598,0.45,3,-12.17,1,0.0357,0.697,0.269,0.157,0.96,119.404,4,spotify:track:5l1hy48hyxMBOvqOlNLuCu,Jazz
266,Ring On Her Fingers,Dixieland Band,Kings Of Dixieland,139559,2010-01-01,,False,14,0.605,0.463,8,-15.784,1,0.0392,0.681,0.324,0.142,0.969,110.934,4,spotify:track:0bLM6cdigteELpTKlD2rqI,Jazz
267,Down By the Riverside,Preservation Hall Jazz Band,50th Anniversary Collection,174893,2012-09-21,"dixieland, brass band, new orleans jazz",False,0,0.688,0.404,2,-10.655,0,0.0359,0.826,0.589,0.11,0.907,89.237,4,spotify:track:75SK3djaJssHR9TTHTv7wI,Jazz
268,The Band Played On,The Muscrat Ramblers,30 Patriotic American Songs for Armed Forces Day,199314,2012-04-16,,False,11,0.528,0.369,5,-14.696,1,0.0365,0.584,0.000385,0.0726,0.941,170.875,4,spotify:track:5PF3omGkrsdaSOQRTHrPA8,Jazz
269,Dixie,"Billy Randolph, The High Hatters",Roaring' 20's,182360,2019-11-03,,False,8,0.575,0.536,5,-13.07,1,0.0556,0.874,0.0649,0.483,0.934,98.335,4,spotify:track:4oNl9jhmp0PFJvyWR4vdQP,Jazz
270,I Found A New Baby,Sidney Bechet,The Best Of Sidney Bechet,188640,1994-01-01,"jazz clarinet, dixieland, vocal jazz, new orleans jazz, big band, swing, jazz, cool jazz, stride",False,26,0.631,0.77,9,-7.697,0,0.0572,0.696,0.914,0.233,0.823,125.09,4,spotify:track:666dKdmoRCRcBNY6BwB98J,Jazz
271,Bourbon Street Parade,The Dukes Of Dixieland,New Orleans Jazz Collection - French Quarter Favorites,154826,2012-11-08,"dixieland, ragtime, new orleans jazz",False,33,0.701,0.436,0,-11.709,0,0.0477,0.632,7.68e-05,0.278,0.895,121.314,4,spotify:track:4QbweORkjDpipFhhLdEnYR,Jazz
272,Jazz Me Blues,"Al Hirt, Tom Delaney",New Orleans Jazz Essentials,216733,2013-11-26,"dixieland, adult standards, easy listening, space age pop, jazz trumpet, new orleans jazz, lounge",False,0,0.642,0.474,7,-13.595,0,0.0462,0.775,0.0657,0.157,0.944,95.674,4,spotify:track:6j5bXgdIfn2Z4uIcNiFuR7,Jazz
273,Washington Post March,Pete Fountain and The Kings Of Dixieland,The Best Of Dixieland Volume 1,192784,2011-09-16,,False,12,0.722,0.398,7,-14.173,0,0.0432,0.894,0.858,0.104,0.964,114.988,4,spotify:track:0HAyFITVG4G4X5RBhAxw2Q,Jazz
274,In The Good Old Summertime,The Muscrat Ramblers,50 Classics: The Best Of Dixieland Jazz,188160,2011-10-24,,False,4,0.703,0.509,7,-14.416,0,0.0338,0.352,0.000893,0.0387,0.851,111.816,4,spotify:track:7eb2OuqP9Ejwbqmv4m6HEz,Jazz
275,Bill Bailey,"Albert Burbank, Kid Ory",Sounds Of New Orleans,151453,2008-10-13,"jazz clarinet, vintage jazz, swing, big band, new orleans jazz, jazz trombone, stride",False,21,0.695,0.431,5,-7.652,1,0.0542,0.84,0.115,0.0367,0.916,105.434,4,spotify:track:6rt4DeIXU3bgJVYknEpZZa,Jazz
276,When My Sugar Walks Down The Street,Turk Murphy,Favorites,164000,1986-01-01,"dixieland, jazz trombone, new orleans jazz",False,20,0.704,0.261,0,-13.403,1,0.0527,0.849,0.00164,0.702,0.919,118.961,4,spotify:track:778SCkNfo4MyNQyB4H0fXb,Jazz
277,Semper Fidelis,The Kings Of Dixieland,4th of July Parade: 30 Patriotic Marches for Independence Day,189074,2012-06-07,,False,10,0.756,0.339,0,-16.53,1,0.0457,0.933,0.904,0.0953,0.978,112.226,4,spotify:track:2xWLN4RW1XR7nYXZLBaRzG,Jazz
278,Livery Stable Blues (Barnyard Blues),Muggsy Spanier,1939-1944,181133,1997-01-01,"dixieland, vintage jazz, swing, big band, jazz trumpet, new orleans jazz, stride",False,20,0.557,0.434,8,-10.961,1,0.0707,0.946,0.952,0.0643,0.956,169.562,4,spotify:track:6xoBzYhLzG3yBgDbmD0rwn,Jazz
279,Bugle Call Blues,New Orleans Rhythm Kings,All Time Jazz: New Orleans Rhythm Kings,142027,2014-08-01,new orleans jazz,False,13,0.556,0.525,5,-8.754,1,0.0642,0.994,0.878,0.0556,0.96,111.132,4,spotify:track:3prsaU863W5Nz98uxY6JKr,Jazz
280,Ain't She Sweet,Preservation Hall Hot 4 with Duke Dejan,Preservation Hall Hot 4 With Duke Dejan,250987,2007-05-29,dixieland,False,15,0.582,0.232,0,-12.165,1,0.0606,0.908,0.0277,0.0554,0.791,160.261,4,spotify:track:2Yiwql4Qw3wFJjrE1XuJE8,Jazz
281,Walkin' The Dog,Edmond Hall,1941-1957,272827,2019-07-18,"jazz clarinet, swing, big band, new orleans jazz, stride",False,0,0.533,0.362,0,-13.697,1,0.0386,0.977,0.941,0.154,0.939,174.164,4,spotify:track:0C2NDJZaUiHmpTzgZ50ZA2,Jazz
282,"Bill Bailey, Won't You Please Come Home?",Al Hirt,The Al Hirt Collection,210887,2018-02-28,"dixieland, adult standards, easy listening, space age pop, jazz trumpet, new orleans jazz, lounge",False,16,0.607,0.535,5,-9.133,1,0.0734,0.948,0.909,0.724,0.928,107.653,4,spotify:track:7ECMjzijToQMIBQKWWMm8o,Jazz
283,Ballin' The Jack,Sidney Bechet,The Fabulous Sidney Bechet,232307,2000-01-01,"jazz clarinet, dixieland, vocal jazz, new orleans jazz, big band, swing, jazz, cool jazz, stride",False,28,0.698,0.734,2,-8.776,0,0.0405,0.882,0.876,0.259,0.931,96.858,4,spotify:track:0OIXJIZoivHSpq4jx3tnyc,Jazz
284,Lassa's Trombone,The Kings Of Dixieland,The Best Of Dixieland Volume 2,167628,2011-09-16,,False,15,0.651,0.587,10,-11.638,1,0.0423,0.906,0.963,0.152,0.953,101.341,4,spotify:track:40GGKzPCqYCqhydSjk3d6Y,Jazz
285,I Wish I Could Shimmy Like My Sister Kate,Preservation Hall Jazz Band,"New Orleans Preservation, Vol. 1",266867,2009-05-07,"dixieland, brass band, new orleans jazz",False,24,0.655,0.284,0,-13.602,0,0.0702,0.497,2.42e-06,0.35,0.677,125.017,4,spotify:track:7Mk3l9pfGuMdEe0joNtAMH,Jazz
